Dec 21, 2025 11:27:55 PM ai.glog.execute.workers.TriageAndRemediationCallableWorker call
SEVERE: No enum constant ai.glog.plugins.bandit.plugin.BugEnum.resources.rules.python.use-timeout
java.lang.IllegalArgumentException: No enum constant ai.glog.plugins.bandit.plugin.BugEnum.resources.rules.python.use-timeout
	at java.base/java.lang.Enum.valueOf(Enum.java:274)
	at ai.glog.plugins.bandit.plugin.BugEnum.valueOf(BugEnum.java:6)
	at ai.glog.execute.workers.TriageAndRemediationCallableWorker.getResolver(TriageAndRemediationCallableWorker.java:97)
	at ai.glog.execute.workers.TriageAndRemediationCallableWorker.call(TriageAndRemediationCallableWorker.java:62)
	at ai.glog.execute.workers.TriageAndRemediationCallableWorker.call(TriageAndRemediationCallableWorker.java:32)
	at java.base/java.util.concurrent.FutureTask.run(FutureTask.java:317)
	at java.base/java.util.concurrent.ThreadPoolExecutor.runWorker(ThreadPoolExecutor.java:1144)
	at java.base/java.util.concurrent.ThreadPoolExecutor$Worker.run(ThreadPoolExecutor.java:642)
	at java.base/java.lang.Thread.run(Thread.java:1623)

Dec 21, 2025 11:27:55 PM ai.glog.execute.workers.TriageAndRemediationCallableWorker call
SEVERE: No enum constant ai.glog.plugins.bandit.plugin.BugEnum.resources.rules.python.use-timeout
java.lang.IllegalArgumentException: No enum constant ai.glog.plugins.bandit.plugin.BugEnum.resources.rules.python.use-timeout
	at java.base/java.lang.Enum.valueOf(Enum.java:274)
	at ai.glog.plugins.bandit.plugin.BugEnum.valueOf(BugEnum.java:6)
	at ai.glog.execute.workers.TriageAndRemediationCallableWorker.getResolver(TriageAndRemediationCallableWorker.java:97)
	at ai.glog.execute.workers.TriageAndRemediationCallableWorker.call(TriageAndRemediationCallableWorker.java:62)
	at ai.glog.execute.workers.TriageAndRemediationCallableWorker.call(TriageAndRemediationCallableWorker.java:32)
	at java.base/java.util.concurrent.FutureTask.run(FutureTask.java:317)
	at java.base/java.util.concurrent.ThreadPoolExecutor.runWorker(ThreadPoolExecutor.java:1144)
	at java.base/java.util.concurrent.ThreadPoolExecutor$Worker.run(ThreadPoolExecutor.java:642)
	at java.base/java.lang.Thread.run(Thread.java:1623)

Dec 21, 2025 11:27:55 PM ai.glog.execute.workers.TriageAndRemediationCallableWorker call
SEVERE: No enum constant ai.glog.plugins.bandit.plugin.BugEnum.python.lang.security.audit.insecure-transport.requests.request-with-http.request-with-http
java.lang.IllegalArgumentException: No enum constant ai.glog.plugins.bandit.plugin.BugEnum.python.lang.security.audit.insecure-transport.requests.request-with-http.request-with-http
	at java.base/java.lang.Enum.valueOf(Enum.java:274)
	at ai.glog.plugins.bandit.plugin.BugEnum.valueOf(BugEnum.java:6)
	at ai.glog.execute.workers.TriageAndRemediationCallableWorker.getResolver(TriageAndRemediationCallableWorker.java:97)
	at ai.glog.execute.workers.TriageAndRemediationCallableWorker.call(TriageAndRemediationCallableWorker.java:62)
	at ai.glog.execute.workers.TriageAndRemediationCallableWorker.call(TriageAndRemediationCallableWorker.java:32)
	at java.base/java.util.concurrent.FutureTask.run(FutureTask.java:317)
	at java.base/java.util.concurrent.ThreadPoolExecutor.runWorker(ThreadPoolExecutor.java:1144)
	at java.base/java.util.concurrent.ThreadPoolExecutor$Worker.run(ThreadPoolExecutor.java:642)
	at java.base/java.lang.Thread.run(Thread.java:1623)

Dec 21, 2025 11:27:55 PM ai.glog.execute.workers.TriageAndRemediationCallableWorker call
SEVERE: No enum constant ai.glog.plugins.bandit.plugin.BugEnum.resources.rules.python.request-with-http
java.lang.IllegalArgumentException: No enum constant ai.glog.plugins.bandit.plugin.BugEnum.resources.rules.python.request-with-http
	at java.base/java.lang.Enum.valueOf(Enum.java:274)
	at ai.glog.plugins.bandit.plugin.BugEnum.valueOf(BugEnum.java:6)
	at ai.glog.execute.workers.TriageAndRemediationCallableWorker.getResolver(TriageAndRemediationCallableWorker.java:97)
	at ai.glog.execute.workers.TriageAndRemediationCallableWorker.call(TriageAndRemediationCallableWorker.java:62)
	at ai.glog.execute.workers.TriageAndRemediationCallableWorker.call(TriageAndRemediationCallableWorker.java:32)
	at java.base/java.util.concurrent.FutureTask.run(FutureTask.java:317)
	at java.base/java.util.concurrent.ThreadPoolExecutor.runWorker(ThreadPoolExecutor.java:1144)
	at java.base/java.util.concurrent.ThreadPoolExecutor$Worker.run(ThreadPoolExecutor.java:642)
	at java.base/java.lang.Thread.run(Thread.java:1623)

Dec 21, 2025 11:27:55 PM ai.glog.execute.workers.TriageAndRemediationCallableWorker call
SEVERE: No enum constant ai.glog.plugins.bandit.plugin.BugEnum.python.lang.security.audit.insecure-transport.requests.request-with-http.request-with-http
java.lang.IllegalArgumentException: No enum constant ai.glog.plugins.bandit.plugin.BugEnum.python.lang.security.audit.insecure-transport.requests.request-with-http.request-with-http
	at java.base/java.lang.Enum.valueOf(Enum.java:274)
	at ai.glog.plugins.bandit.plugin.BugEnum.valueOf(BugEnum.java:6)
	at ai.glog.execute.workers.TriageAndRemediationCallableWorker.getResolver(TriageAndRemediationCallableWorker.java:97)
	at ai.glog.execute.workers.TriageAndRemediationCallableWorker.call(TriageAndRemediationCallableWorker.java:62)
	at ai.glog.execute.workers.TriageAndRemediationCallableWorker.call(TriageAndRemediationCallableWorker.java:32)
	at java.base/java.util.concurrent.FutureTask.run(FutureTask.java:317)
	at java.base/java.util.concurrent.ThreadPoolExecutor.runWorker(ThreadPoolExecutor.java:1144)
	at java.base/java.util.concurrent.ThreadPoolExecutor$Worker.run(ThreadPoolExecutor.java:642)
	at java.base/java.lang.Thread.run(Thread.java:1623)

Dec 21, 2025 11:27:55 PM ai.glog.execute.workers.TriageAndRemediationCallableWorker call
SEVERE: No enum constant ai.glog.plugins.bandit.plugin.BugEnum.resources.rules.python.request-with-http
java.lang.IllegalArgumentException: No enum constant ai.glog.plugins.bandit.plugin.BugEnum.resources.rules.python.request-with-http
	at java.base/java.lang.Enum.valueOf(Enum.java:274)
	at ai.glog.plugins.bandit.plugin.BugEnum.valueOf(BugEnum.java:6)
	at ai.glog.execute.workers.TriageAndRemediationCallableWorker.getResolver(TriageAndRemediationCallableWorker.java:97)
	at ai.glog.execute.workers.TriageAndRemediationCallableWorker.call(TriageAndRemediationCallableWorker.java:62)
	at ai.glog.execute.workers.TriageAndRemediationCallableWorker.call(TriageAndRemediationCallableWorker.java:32)
	at java.base/java.util.concurrent.FutureTask.run(FutureTask.java:317)
	at java.base/java.util.concurrent.ThreadPoolExecutor.runWorker(ThreadPoolExecutor.java:1144)
	at java.base/java.util.concurrent.ThreadPoolExecutor$Worker.run(ThreadPoolExecutor.java:642)
	at java.base/java.lang.Thread.run(Thread.java:1623)

Dec 21, 2025 11:27:55 PM ai.glog.execute.workers.TriageAndRemediationCallableWorker call
SEVERE: No enum constant ai.glog.plugins.bandit.plugin.BugEnum.resources.rules.python.use-raise-for-status
java.lang.IllegalArgumentException: No enum constant ai.glog.plugins.bandit.plugin.BugEnum.resources.rules.python.use-raise-for-status
	at java.base/java.lang.Enum.valueOf(Enum.java:274)
	at ai.glog.plugins.bandit.plugin.BugEnum.valueOf(BugEnum.java:6)
	at ai.glog.execute.workers.TriageAndRemediationCallableWorker.getResolver(TriageAndRemediationCallableWorker.java:97)
	at ai.glog.execute.workers.TriageAndRemediationCallableWorker.call(TriageAndRemediationCallableWorker.java:62)
	at ai.glog.execute.workers.TriageAndRemediationCallableWorker.call(TriageAndRemediationCallableWorker.java:32)
	at java.base/java.util.concurrent.FutureTask.run(FutureTask.java:317)
	at java.base/java.util.concurrent.ThreadPoolExecutor.runWorker(ThreadPoolExecutor.java:1144)
	at java.base/java.util.concurrent.ThreadPoolExecutor$Worker.run(ThreadPoolExecutor.java:642)
	at java.base/java.lang.Thread.run(Thread.java:1623)

Dec 21, 2025 11:27:55 PM ai.glog.execute.workers.TriageAndRemediationCallableWorker call
SEVERE: No enum constant ai.glog.plugins.bandit.plugin.BugEnum.resources.rules.python.use-timeout
java.lang.IllegalArgumentException: No enum constant ai.glog.plugins.bandit.plugin.BugEnum.resources.rules.python.use-timeout
	at java.base/java.lang.Enum.valueOf(Enum.java:274)
	at ai.glog.plugins.bandit.plugin.BugEnum.valueOf(BugEnum.java:6)
	at ai.glog.execute.workers.TriageAndRemediationCallableWorker.getResolver(TriageAndRemediationCallableWorker.java:97)
	at ai.glog.execute.workers.TriageAndRemediationCallableWorker.call(TriageAndRemediationCallableWorker.java:62)
	at ai.glog.execute.workers.TriageAndRemediationCallableWorker.call(TriageAndRemediationCallableWorker.java:32)
	at java.base/java.util.concurrent.FutureTask.run(FutureTask.java:317)
	at java.base/java.util.concurrent.ThreadPoolExecutor.runWorker(ThreadPoolExecutor.java:1144)
	at java.base/java.util.concurrent.ThreadPoolExecutor$Worker.run(ThreadPoolExecutor.java:642)
	at java.base/java.lang.Thread.run(Thread.java:1623)

Dec 21, 2025 11:27:55 PM ai.glog.execute.workers.TriageAndRemediationCallableWorker call
SEVERE: No enum constant ai.glog.plugins.bandit.plugin.BugEnum.python.lang.security.audit.insecure-transport.requests.request-with-http.request-with-http
java.lang.IllegalArgumentException: No enum constant ai.glog.plugins.bandit.plugin.BugEnum.python.lang.security.audit.insecure-transport.requests.request-with-http.request-with-http
	at java.base/java.lang.Enum.valueOf(Enum.java:274)
	at ai.glog.plugins.bandit.plugin.BugEnum.valueOf(BugEnum.java:6)
	at ai.glog.execute.workers.TriageAndRemediationCallableWorker.getResolver(TriageAndRemediationCallableWorker.java:97)
	at ai.glog.execute.workers.TriageAndRemediationCallableWorker.call(TriageAndRemediationCallableWorker.java:62)
	at ai.glog.execute.workers.TriageAndRemediationCallableWorker.call(TriageAndRemediationCallableWorker.java:32)
	at java.base/java.util.concurrent.FutureTask.run(FutureTask.java:317)
	at java.base/java.util.concurrent.ThreadPoolExecutor.runWorker(ThreadPoolExecutor.java:1144)
	at java.base/java.util.concurrent.ThreadPoolExecutor$Worker.run(ThreadPoolExecutor.java:642)
	at java.base/java.lang.Thread.run(Thread.java:1623)

Dec 21, 2025 11:27:55 PM ai.glog.execute.workers.TriageAndRemediationCallableWorker call
SEVERE: No enum constant ai.glog.plugins.bandit.plugin.BugEnum.resources.rules.python.dangerous-subprocess-use
java.lang.IllegalArgumentException: No enum constant ai.glog.plugins.bandit.plugin.BugEnum.resources.rules.python.dangerous-subprocess-use
	at java.base/java.lang.Enum.valueOf(Enum.java:274)
	at ai.glog.plugins.bandit.plugin.BugEnum.valueOf(BugEnum.java:6)
	at ai.glog.execute.workers.TriageAndRemediationCallableWorker.getResolver(TriageAndRemediationCallableWorker.java:97)
	at ai.glog.execute.workers.TriageAndRemediationCallableWorker.call(TriageAndRemediationCallableWorker.java:62)
	at ai.glog.execute.workers.TriageAndRemediationCallableWorker.call(TriageAndRemediationCallableWorker.java:32)
	at java.base/java.util.concurrent.FutureTask.run(FutureTask.java:317)
	at java.base/java.util.concurrent.ThreadPoolExecutor.runWorker(ThreadPoolExecutor.java:1144)
	at java.base/java.util.concurrent.ThreadPoolExecutor$Worker.run(ThreadPoolExecutor.java:642)
	at java.base/java.lang.Thread.run(Thread.java:1623)

Dec 21, 2025 11:27:55 PM ai.glog.execute.workers.TriageAndRemediationCallableWorker call
SEVERE: No enum constant ai.glog.plugins.bandit.plugin.BugEnum.python.lang.security.audit.formatted-sql-query.formatted-sql-query
java.lang.IllegalArgumentException: No enum constant ai.glog.plugins.bandit.plugin.BugEnum.python.lang.security.audit.formatted-sql-query.formatted-sql-query
	at java.base/java.lang.Enum.valueOf(Enum.java:274)
	at ai.glog.plugins.bandit.plugin.BugEnum.valueOf(BugEnum.java:6)
	at ai.glog.execute.workers.TriageAndRemediationCallableWorker.getResolver(TriageAndRemediationCallableWorker.java:97)
	at ai.glog.execute.workers.TriageAndRemediationCallableWorker.call(TriageAndRemediationCallableWorker.java:62)
	at ai.glog.execute.workers.TriageAndRemediationCallableWorker.call(TriageAndRemediationCallableWorker.java:32)
	at java.base/java.util.concurrent.FutureTask.run(FutureTask.java:317)
	at java.base/java.util.concurrent.ThreadPoolExecutor.runWorker(ThreadPoolExecutor.java:1144)
	at java.base/java.util.concurrent.ThreadPoolExecutor$Worker.run(ThreadPoolExecutor.java:642)
	at java.base/java.lang.Thread.run(Thread.java:1623)

Dec 21, 2025 11:27:55 PM ai.glog.execute.workers.TriageAndRemediationCallableWorker call
SEVERE: No enum constant ai.glog.plugins.bandit.plugin.BugEnum.python.sqlalchemy.security.sqlalchemy-execute-raw-query.sqlalchemy-execute-raw-query
java.lang.IllegalArgumentException: No enum constant ai.glog.plugins.bandit.plugin.BugEnum.python.sqlalchemy.security.sqlalchemy-execute-raw-query.sqlalchemy-execute-raw-query
	at java.base/java.lang.Enum.valueOf(Enum.java:274)
	at ai.glog.plugins.bandit.plugin.BugEnum.valueOf(BugEnum.java:6)
	at ai.glog.execute.workers.TriageAndRemediationCallableWorker.getResolver(TriageAndRemediationCallableWorker.java:97)
	at ai.glog.execute.workers.TriageAndRemediationCallableWorker.call(TriageAndRemediationCallableWorker.java:62)
	at ai.glog.execute.workers.TriageAndRemediationCallableWorker.call(TriageAndRemediationCallableWorker.java:32)
	at java.base/java.util.concurrent.FutureTask.run(FutureTask.java:317)
	at java.base/java.util.concurrent.ThreadPoolExecutor.runWorker(ThreadPoolExecutor.java:1144)
	at java.base/java.util.concurrent.ThreadPoolExecutor$Worker.run(ThreadPoolExecutor.java:642)
	at java.base/java.lang.Thread.run(Thread.java:1623)

Dec 21, 2025 11:27:55 PM ai.glog.execute.workers.TriageAndRemediationCallableWorker call
SEVERE: No enum constant ai.glog.plugins.bandit.plugin.BugEnum.resources.rules.python.formatted-sql-query
java.lang.IllegalArgumentException: No enum constant ai.glog.plugins.bandit.plugin.BugEnum.resources.rules.python.formatted-sql-query
	at java.base/java.lang.Enum.valueOf(Enum.java:274)
	at ai.glog.plugins.bandit.plugin.BugEnum.valueOf(BugEnum.java:6)
	at ai.glog.execute.workers.TriageAndRemediationCallableWorker.getResolver(TriageAndRemediationCallableWorker.java:97)
	at ai.glog.execute.workers.TriageAndRemediationCallableWorker.call(TriageAndRemediationCallableWorker.java:62)
	at ai.glog.execute.workers.TriageAndRemediationCallableWorker.call(TriageAndRemediationCallableWorker.java:32)
	at java.base/java.util.concurrent.FutureTask.run(FutureTask.java:317)
	at java.base/java.util.concurrent.ThreadPoolExecutor.runWorker(ThreadPoolExecutor.java:1144)
	at java.base/java.util.concurrent.ThreadPoolExecutor$Worker.run(ThreadPoolExecutor.java:642)
	at java.base/java.lang.Thread.run(Thread.java:1623)

Dec 21, 2025 11:27:55 PM ai.glog.execute.workers.TriageAndRemediationCallableWorker call
SEVERE: No enum constant ai.glog.plugins.bandit.plugin.BugEnum.resources.rules.python.sqlalchemy-execute-raw-query
java.lang.IllegalArgumentException: No enum constant ai.glog.plugins.bandit.plugin.BugEnum.resources.rules.python.sqlalchemy-execute-raw-query
	at java.base/java.lang.Enum.valueOf(Enum.java:274)
	at ai.glog.plugins.bandit.plugin.BugEnum.valueOf(BugEnum.java:6)
	at ai.glog.execute.workers.TriageAndRemediationCallableWorker.getResolver(TriageAndRemediationCallableWorker.java:97)
	at ai.glog.execute.workers.TriageAndRemediationCallableWorker.call(TriageAndRemediationCallableWorker.java:62)
	at ai.glog.execute.workers.TriageAndRemediationCallableWorker.call(TriageAndRemediationCallableWorker.java:32)
	at java.base/java.util.concurrent.FutureTask.run(FutureTask.java:317)
	at java.base/java.util.concurrent.ThreadPoolExecutor.runWorker(ThreadPoolExecutor.java:1144)
	at java.base/java.util.concurrent.ThreadPoolExecutor$Worker.run(ThreadPoolExecutor.java:642)
	at java.base/java.lang.Thread.run(Thread.java:1623)

Dec 21, 2025 11:27:55 PM ai.glog.execute.workers.TriageAndRemediationCallableWorker call
SEVERE: No enum constant ai.glog.plugins.bandit.plugin.BugEnum.python.lang.security.audit.formatted-sql-query.formatted-sql-query
java.lang.IllegalArgumentException: No enum constant ai.glog.plugins.bandit.plugin.BugEnum.python.lang.security.audit.formatted-sql-query.formatted-sql-query
	at java.base/java.lang.Enum.valueOf(Enum.java:274)
	at ai.glog.plugins.bandit.plugin.BugEnum.valueOf(BugEnum.java:6)
	at ai.glog.execute.workers.TriageAndRemediationCallableWorker.getResolver(TriageAndRemediationCallableWorker.java:97)
	at ai.glog.execute.workers.TriageAndRemediationCallableWorker.call(TriageAndRemediationCallableWorker.java:62)
	at ai.glog.execute.workers.TriageAndRemediationCallableWorker.call(TriageAndRemediationCallableWorker.java:32)
	at java.base/java.util.concurrent.FutureTask.run(FutureTask.java:317)
	at java.base/java.util.concurrent.ThreadPoolExecutor.runWorker(ThreadPoolExecutor.java:1144)
	at java.base/java.util.concurrent.ThreadPoolExecutor$Worker.run(ThreadPoolExecutor.java:642)
	at java.base/java.lang.Thread.run(Thread.java:1623)

Dec 21, 2025 11:27:55 PM ai.glog.execute.workers.TriageAndRemediationCallableWorker call
SEVERE: No enum constant ai.glog.plugins.bandit.plugin.BugEnum.python.sqlalchemy.security.sqlalchemy-execute-raw-query.sqlalchemy-execute-raw-query
java.lang.IllegalArgumentException: No enum constant ai.glog.plugins.bandit.plugin.BugEnum.python.sqlalchemy.security.sqlalchemy-execute-raw-query.sqlalchemy-execute-raw-query
	at java.base/java.lang.Enum.valueOf(Enum.java:274)
	at ai.glog.plugins.bandit.plugin.BugEnum.valueOf(BugEnum.java:6)
	at ai.glog.execute.workers.TriageAndRemediationCallableWorker.getResolver(TriageAndRemediationCallableWorker.java:97)
	at ai.glog.execute.workers.TriageAndRemediationCallableWorker.call(TriageAndRemediationCallableWorker.java:62)
	at ai.glog.execute.workers.TriageAndRemediationCallableWorker.call(TriageAndRemediationCallableWorker.java:32)
	at java.base/java.util.concurrent.FutureTask.run(FutureTask.java:317)
	at java.base/java.util.concurrent.ThreadPoolExecutor.runWorker(ThreadPoolExecutor.java:1144)
	at java.base/java.util.concurrent.ThreadPoolExecutor$Worker.run(ThreadPoolExecutor.java:642)
	at java.base/java.lang.Thread.run(Thread.java:1623)

Dec 21, 2025 11:27:55 PM ai.glog.execute.workers.TriageAndRemediationCallableWorker call
SEVERE: No enum constant ai.glog.plugins.bandit.plugin.BugEnum.resources.rules.python.formatted-sql-query
java.lang.IllegalArgumentException: No enum constant ai.glog.plugins.bandit.plugin.BugEnum.resources.rules.python.formatted-sql-query
	at java.base/java.lang.Enum.valueOf(Enum.java:274)
	at ai.glog.plugins.bandit.plugin.BugEnum.valueOf(BugEnum.java:6)
	at ai.glog.execute.workers.TriageAndRemediationCallableWorker.getResolver(TriageAndRemediationCallableWorker.java:97)
	at ai.glog.execute.workers.TriageAndRemediationCallableWorker.call(TriageAndRemediationCallableWorker.java:62)
	at ai.glog.execute.workers.TriageAndRemediationCallableWorker.call(TriageAndRemediationCallableWorker.java:32)
	at java.base/java.util.concurrent.FutureTask.run(FutureTask.java:317)
	at java.base/java.util.concurrent.ThreadPoolExecutor.runWorker(ThreadPoolExecutor.java:1144)
	at java.base/java.util.concurrent.ThreadPoolExecutor$Worker.run(ThreadPoolExecutor.java:642)
	at java.base/java.lang.Thread.run(Thread.java:1623)

Dec 21, 2025 11:27:55 PM ai.glog.execute.workers.TriageAndRemediationCallableWorker call
SEVERE: No enum constant ai.glog.plugins.bandit.plugin.BugEnum.resources.rules.python.sqlalchemy-execute-raw-query
java.lang.IllegalArgumentException: No enum constant ai.glog.plugins.bandit.plugin.BugEnum.resources.rules.python.sqlalchemy-execute-raw-query
	at java.base/java.lang.Enum.valueOf(Enum.java:274)
	at ai.glog.plugins.bandit.plugin.BugEnum.valueOf(BugEnum.java:6)
	at ai.glog.execute.workers.TriageAndRemediationCallableWorker.getResolver(TriageAndRemediationCallableWorker.java:97)
	at ai.glog.execute.workers.TriageAndRemediationCallableWorker.call(TriageAndRemediationCallableWorker.java:62)
	at ai.glog.execute.workers.TriageAndRemediationCallableWorker.call(TriageAndRemediationCallableWorker.java:32)
	at java.base/java.util.concurrent.FutureTask.run(FutureTask.java:317)
	at java.base/java.util.concurrent.ThreadPoolExecutor.runWorker(ThreadPoolExecutor.java:1144)
	at java.base/java.util.concurrent.ThreadPoolExecutor$Worker.run(ThreadPoolExecutor.java:642)
	at java.base/java.lang.Thread.run(Thread.java:1623)

Dec 21, 2025 11:27:55 PM ai.glog.execute.workers.TriageAndRemediationCallableWorker call
SEVERE: No enum constant ai.glog.plugins.bandit.plugin.BugEnum.resources.rules.python.missing-ratelimit
java.lang.IllegalArgumentException: No enum constant ai.glog.plugins.bandit.plugin.BugEnum.resources.rules.python.missing-ratelimit
	at java.base/java.lang.Enum.valueOf(Enum.java:274)
	at ai.glog.plugins.bandit.plugin.BugEnum.valueOf(BugEnum.java:6)
	at ai.glog.execute.workers.TriageAndRemediationCallableWorker.getResolver(TriageAndRemediationCallableWorker.java:97)
	at ai.glog.execute.workers.TriageAndRemediationCallableWorker.call(TriageAndRemediationCallableWorker.java:62)
	at ai.glog.execute.workers.TriageAndRemediationCallableWorker.call(TriageAndRemediationCallableWorker.java:32)
	at java.base/java.util.concurrent.FutureTask.run(FutureTask.java:317)
	at java.base/java.util.concurrent.ThreadPoolExecutor.runWorker(ThreadPoolExecutor.java:1144)
	at java.base/java.util.concurrent.ThreadPoolExecutor$Worker.run(ThreadPoolExecutor.java:642)
	at java.base/java.lang.Thread.run(Thread.java:1623)

Dec 21, 2025 11:27:55 PM ai.glog.execute.workers.TriageAndRemediationCallableWorker call
SEVERE: No enum constant ai.glog.plugins.bandit.plugin.BugEnum.resources.rules.python.missing-ratelimit
java.lang.IllegalArgumentException: No enum constant ai.glog.plugins.bandit.plugin.BugEnum.resources.rules.python.missing-ratelimit
	at java.base/java.lang.Enum.valueOf(Enum.java:274)
	at ai.glog.plugins.bandit.plugin.BugEnum.valueOf(BugEnum.java:6)
	at ai.glog.execute.workers.TriageAndRemediationCallableWorker.getResolver(TriageAndRemediationCallableWorker.java:97)
	at ai.glog.execute.workers.TriageAndRemediationCallableWorker.call(TriageAndRemediationCallableWorker.java:62)
	at ai.glog.execute.workers.TriageAndRemediationCallableWorker.call(TriageAndRemediationCallableWorker.java:32)
	at java.base/java.util.concurrent.FutureTask.run(FutureTask.java:317)
	at java.base/java.util.concurrent.ThreadPoolExecutor.runWorker(ThreadPoolExecutor.java:1144)
	at java.base/java.util.concurrent.ThreadPoolExecutor$Worker.run(ThreadPoolExecutor.java:642)
	at java.base/java.lang.Thread.run(Thread.java:1623)

Dec 21, 2025 11:27:55 PM ai.glog.execute.workers.TriageAndRemediationCallableWorker call
SEVERE: No enum constant ai.glog.plugins.bandit.plugin.BugEnum.python.lang.security.audit.formatted-sql-query.formatted-sql-query
java.lang.IllegalArgumentException: No enum constant ai.glog.plugins.bandit.plugin.BugEnum.python.lang.security.audit.formatted-sql-query.formatted-sql-query
	at java.base/java.lang.Enum.valueOf(Enum.java:274)
	at ai.glog.plugins.bandit.plugin.BugEnum.valueOf(BugEnum.java:6)
	at ai.glog.execute.workers.TriageAndRemediationCallableWorker.getResolver(TriageAndRemediationCallableWorker.java:97)
	at ai.glog.execute.workers.TriageAndRemediationCallableWorker.call(TriageAndRemediationCallableWorker.java:62)
	at ai.glog.execute.workers.TriageAndRemediationCallableWorker.call(TriageAndRemediationCallableWorker.java:32)
	at java.base/java.util.concurrent.FutureTask.run(FutureTask.java:317)
	at java.base/java.util.concurrent.ThreadPoolExecutor.runWorker(ThreadPoolExecutor.java:1144)
	at java.base/java.util.concurrent.ThreadPoolExecutor$Worker.run(ThreadPoolExecutor.java:642)
	at java.base/java.lang.Thread.run(Thread.java:1623)

Dec 21, 2025 11:27:55 PM ai.glog.execute.workers.TriageAndRemediationCallableWorker call
SEVERE: No enum constant ai.glog.plugins.bandit.plugin.BugEnum.python.sqlalchemy.security.sqlalchemy-execute-raw-query.sqlalchemy-execute-raw-query
java.lang.IllegalArgumentException: No enum constant ai.glog.plugins.bandit.plugin.BugEnum.python.sqlalchemy.security.sqlalchemy-execute-raw-query.sqlalchemy-execute-raw-query
	at java.base/java.lang.Enum.valueOf(Enum.java:274)
	at ai.glog.plugins.bandit.plugin.BugEnum.valueOf(BugEnum.java:6)
	at ai.glog.execute.workers.TriageAndRemediationCallableWorker.getResolver(TriageAndRemediationCallableWorker.java:97)
	at ai.glog.execute.workers.TriageAndRemediationCallableWorker.call(TriageAndRemediationCallableWorker.java:62)
	at ai.glog.execute.workers.TriageAndRemediationCallableWorker.call(TriageAndRemediationCallableWorker.java:32)
	at java.base/java.util.concurrent.FutureTask.run(FutureTask.java:317)
	at java.base/java.util.concurrent.ThreadPoolExecutor.runWorker(ThreadPoolExecutor.java:1144)
	at java.base/java.util.concurrent.ThreadPoolExecutor$Worker.run(ThreadPoolExecutor.java:642)
	at java.base/java.lang.Thread.run(Thread.java:1623)

Dec 21, 2025 11:27:55 PM ai.glog.execute.workers.TriageAndRemediationCallableWorker call
SEVERE: No enum constant ai.glog.plugins.bandit.plugin.BugEnum.resources.rules.python.formatted-sql-query
java.lang.IllegalArgumentException: No enum constant ai.glog.plugins.bandit.plugin.BugEnum.resources.rules.python.formatted-sql-query
	at java.base/java.lang.Enum.valueOf(Enum.java:274)
	at ai.glog.plugins.bandit.plugin.BugEnum.valueOf(BugEnum.java:6)
	at ai.glog.execute.workers.TriageAndRemediationCallableWorker.getResolver(TriageAndRemediationCallableWorker.java:97)
	at ai.glog.execute.workers.TriageAndRemediationCallableWorker.call(TriageAndRemediationCallableWorker.java:62)
	at ai.glog.execute.workers.TriageAndRemediationCallableWorker.call(TriageAndRemediationCallableWorker.java:32)
	at java.base/java.util.concurrent.FutureTask.run(FutureTask.java:317)
	at java.base/java.util.concurrent.ThreadPoolExecutor.runWorker(ThreadPoolExecutor.java:1144)
	at java.base/java.util.concurrent.ThreadPoolExecutor$Worker.run(ThreadPoolExecutor.java:642)
	at java.base/java.lang.Thread.run(Thread.java:1623)

Dec 21, 2025 11:27:55 PM ai.glog.execute.workers.TriageAndRemediationCallableWorker call
SEVERE: No enum constant ai.glog.plugins.bandit.plugin.BugEnum.resources.rules.python.sqlalchemy-execute-raw-query
java.lang.IllegalArgumentException: No enum constant ai.glog.plugins.bandit.plugin.BugEnum.resources.rules.python.sqlalchemy-execute-raw-query
	at java.base/java.lang.Enum.valueOf(Enum.java:274)
	at ai.glog.plugins.bandit.plugin.BugEnum.valueOf(BugEnum.java:6)
	at ai.glog.execute.workers.TriageAndRemediationCallableWorker.getResolver(TriageAndRemediationCallableWorker.java:97)
	at ai.glog.execute.workers.TriageAndRemediationCallableWorker.call(TriageAndRemediationCallableWorker.java:62)
	at ai.glog.execute.workers.TriageAndRemediationCallableWorker.call(TriageAndRemediationCallableWorker.java:32)
	at java.base/java.util.concurrent.FutureTask.run(FutureTask.java:317)
	at java.base/java.util.concurrent.ThreadPoolExecutor.runWorker(ThreadPoolExecutor.java:1144)
	at java.base/java.util.concurrent.ThreadPoolExecutor$Worker.run(ThreadPoolExecutor.java:642)
	at java.base/java.lang.Thread.run(Thread.java:1623)

Dec 21, 2025 11:27:55 PM ai.glog.execute.workers.TriageAndRemediationCallableWorker call
SEVERE: No enum constant ai.glog.plugins.bandit.plugin.BugEnum.python.lang.security.audit.formatted-sql-query.formatted-sql-query
java.lang.IllegalArgumentException: No enum constant ai.glog.plugins.bandit.plugin.BugEnum.python.lang.security.audit.formatted-sql-query.formatted-sql-query
	at java.base/java.lang.Enum.valueOf(Enum.java:274)
	at ai.glog.plugins.bandit.plugin.BugEnum.valueOf(BugEnum.java:6)
	at ai.glog.execute.workers.TriageAndRemediationCallableWorker.getResolver(TriageAndRemediationCallableWorker.java:97)
	at ai.glog.execute.workers.TriageAndRemediationCallableWorker.call(TriageAndRemediationCallableWorker.java:62)
	at ai.glog.execute.workers.TriageAndRemediationCallableWorker.call(TriageAndRemediationCallableWorker.java:32)
	at java.base/java.util.concurrent.FutureTask.run(FutureTask.java:317)
	at java.base/java.util.concurrent.ThreadPoolExecutor.runWorker(ThreadPoolExecutor.java:1144)
	at java.base/java.util.concurrent.ThreadPoolExecutor$Worker.run(ThreadPoolExecutor.java:642)
	at java.base/java.lang.Thread.run(Thread.java:1623)

Dec 21, 2025 11:27:55 PM ai.glog.execute.workers.TriageAndRemediationCallableWorker call
SEVERE: No enum constant ai.glog.plugins.bandit.plugin.BugEnum.python.sqlalchemy.security.sqlalchemy-execute-raw-query.sqlalchemy-execute-raw-query
java.lang.IllegalArgumentException: No enum constant ai.glog.plugins.bandit.plugin.BugEnum.python.sqlalchemy.security.sqlalchemy-execute-raw-query.sqlalchemy-execute-raw-query
	at java.base/java.lang.Enum.valueOf(Enum.java:274)
	at ai.glog.plugins.bandit.plugin.BugEnum.valueOf(BugEnum.java:6)
	at ai.glog.execute.workers.TriageAndRemediationCallableWorker.getResolver(TriageAndRemediationCallableWorker.java:97)
	at ai.glog.execute.workers.TriageAndRemediationCallableWorker.call(TriageAndRemediationCallableWorker.java:62)
	at ai.glog.execute.workers.TriageAndRemediationCallableWorker.call(TriageAndRemediationCallableWorker.java:32)
	at java.base/java.util.concurrent.FutureTask.run(FutureTask.java:317)
	at java.base/java.util.concurrent.ThreadPoolExecutor.runWorker(ThreadPoolExecutor.java:1144)
	at java.base/java.util.concurrent.ThreadPoolExecutor$Worker.run(ThreadPoolExecutor.java:642)
	at java.base/java.lang.Thread.run(Thread.java:1623)

Dec 21, 2025 11:27:55 PM ai.glog.execute.workers.TriageAndRemediationCallableWorker call
SEVERE: No enum constant ai.glog.plugins.bandit.plugin.BugEnum.resources.rules.python.formatted-sql-query
java.lang.IllegalArgumentException: No enum constant ai.glog.plugins.bandit.plugin.BugEnum.resources.rules.python.formatted-sql-query
	at java.base/java.lang.Enum.valueOf(Enum.java:274)
	at ai.glog.plugins.bandit.plugin.BugEnum.valueOf(BugEnum.java:6)
	at ai.glog.execute.workers.TriageAndRemediationCallableWorker.getResolver(TriageAndRemediationCallableWorker.java:97)
	at ai.glog.execute.workers.TriageAndRemediationCallableWorker.call(TriageAndRemediationCallableWorker.java:62)
	at ai.glog.execute.workers.TriageAndRemediationCallableWorker.call(TriageAndRemediationCallableWorker.java:32)
	at java.base/java.util.concurrent.FutureTask.run(FutureTask.java:317)
	at java.base/java.util.concurrent.ThreadPoolExecutor.runWorker(ThreadPoolExecutor.java:1144)
	at java.base/java.util.concurrent.ThreadPoolExecutor$Worker.run(ThreadPoolExecutor.java:642)
	at java.base/java.lang.Thread.run(Thread.java:1623)

Dec 21, 2025 11:27:55 PM ai.glog.execute.workers.TriageAndRemediationCallableWorker call
SEVERE: No enum constant ai.glog.plugins.bandit.plugin.BugEnum.resources.rules.python.sqlalchemy-execute-raw-query
java.lang.IllegalArgumentException: No enum constant ai.glog.plugins.bandit.plugin.BugEnum.resources.rules.python.sqlalchemy-execute-raw-query
	at java.base/java.lang.Enum.valueOf(Enum.java:274)
	at ai.glog.plugins.bandit.plugin.BugEnum.valueOf(BugEnum.java:6)
	at ai.glog.execute.workers.TriageAndRemediationCallableWorker.getResolver(TriageAndRemediationCallableWorker.java:97)
	at ai.glog.execute.workers.TriageAndRemediationCallableWorker.call(TriageAndRemediationCallableWorker.java:62)
	at ai.glog.execute.workers.TriageAndRemediationCallableWorker.call(TriageAndRemediationCallableWorker.java:32)
	at java.base/java.util.concurrent.FutureTask.run(FutureTask.java:317)
	at java.base/java.util.concurrent.ThreadPoolExecutor.runWorker(ThreadPoolExecutor.java:1144)
	at java.base/java.util.concurrent.ThreadPoolExecutor$Worker.run(ThreadPoolExecutor.java:642)
	at java.base/java.lang.Thread.run(Thread.java:1623)

Dec 21, 2025 11:27:55 PM ai.glog.execute.workers.TriageAndRemediationCallableWorker call
SEVERE: No enum constant ai.glog.plugins.bandit.plugin.BugEnum.python.lang.security.audit.formatted-sql-query.formatted-sql-query
java.lang.IllegalArgumentException: No enum constant ai.glog.plugins.bandit.plugin.BugEnum.python.lang.security.audit.formatted-sql-query.formatted-sql-query
	at java.base/java.lang.Enum.valueOf(Enum.java:274)
	at ai.glog.plugins.bandit.plugin.BugEnum.valueOf(BugEnum.java:6)
	at ai.glog.execute.workers.TriageAndRemediationCallableWorker.getResolver(TriageAndRemediationCallableWorker.java:97)
	at ai.glog.execute.workers.TriageAndRemediationCallableWorker.call(TriageAndRemediationCallableWorker.java:62)
	at ai.glog.execute.workers.TriageAndRemediationCallableWorker.call(TriageAndRemediationCallableWorker.java:32)
	at java.base/java.util.concurrent.FutureTask.run(FutureTask.java:317)
	at java.base/java.util.concurrent.ThreadPoolExecutor.runWorker(ThreadPoolExecutor.java:1144)
	at java.base/java.util.concurrent.ThreadPoolExecutor$Worker.run(ThreadPoolExecutor.java:642)
	at java.base/java.lang.Thread.run(Thread.java:1623)

Dec 21, 2025 11:27:55 PM ai.glog.execute.workers.TriageAndRemediationCallableWorker call
SEVERE: No enum constant ai.glog.plugins.bandit.plugin.BugEnum.python.sqlalchemy.security.sqlalchemy-execute-raw-query.sqlalchemy-execute-raw-query
java.lang.IllegalArgumentException: No enum constant ai.glog.plugins.bandit.plugin.BugEnum.python.sqlalchemy.security.sqlalchemy-execute-raw-query.sqlalchemy-execute-raw-query
	at java.base/java.lang.Enum.valueOf(Enum.java:274)
	at ai.glog.plugins.bandit.plugin.BugEnum.valueOf(BugEnum.java:6)
	at ai.glog.execute.workers.TriageAndRemediationCallableWorker.getResolver(TriageAndRemediationCallableWorker.java:97)
	at ai.glog.execute.workers.TriageAndRemediationCallableWorker.call(TriageAndRemediationCallableWorker.java:62)
	at ai.glog.execute.workers.TriageAndRemediationCallableWorker.call(TriageAndRemediationCallableWorker.java:32)
	at java.base/java.util.concurrent.FutureTask.run(FutureTask.java:317)
	at java.base/java.util.concurrent.ThreadPoolExecutor.runWorker(ThreadPoolExecutor.java:1144)
	at java.base/java.util.concurrent.ThreadPoolExecutor$Worker.run(ThreadPoolExecutor.java:642)
	at java.base/java.lang.Thread.run(Thread.java:1623)

Dec 21, 2025 11:27:55 PM ai.glog.execute.workers.TriageAndRemediationCallableWorker call
SEVERE: No enum constant ai.glog.plugins.bandit.plugin.BugEnum.resources.rules.python.formatted-sql-query
java.lang.IllegalArgumentException: No enum constant ai.glog.plugins.bandit.plugin.BugEnum.resources.rules.python.formatted-sql-query
	at java.base/java.lang.Enum.valueOf(Enum.java:274)
	at ai.glog.plugins.bandit.plugin.BugEnum.valueOf(BugEnum.java:6)
	at ai.glog.execute.workers.TriageAndRemediationCallableWorker.getResolver(TriageAndRemediationCallableWorker.java:97)
	at ai.glog.execute.workers.TriageAndRemediationCallableWorker.call(TriageAndRemediationCallableWorker.java:62)
	at ai.glog.execute.workers.TriageAndRemediationCallableWorker.call(TriageAndRemediationCallableWorker.java:32)
	at java.base/java.util.concurrent.FutureTask.run(FutureTask.java:317)
	at java.base/java.util.concurrent.ThreadPoolExecutor.runWorker(ThreadPoolExecutor.java:1144)
	at java.base/java.util.concurrent.ThreadPoolExecutor$Worker.run(ThreadPoolExecutor.java:642)
	at java.base/java.lang.Thread.run(Thread.java:1623)

Dec 21, 2025 11:27:56 PM ai.glog.execute.workers.TriageAndRemediationCallableWorker call
SEVERE: No enum constant ai.glog.plugins.bandit.plugin.BugEnum.resources.rules.python.sqlalchemy-execute-raw-query
java.lang.IllegalArgumentException: No enum constant ai.glog.plugins.bandit.plugin.BugEnum.resources.rules.python.sqlalchemy-execute-raw-query
	at java.base/java.lang.Enum.valueOf(Enum.java:274)
	at ai.glog.plugins.bandit.plugin.BugEnum.valueOf(BugEnum.java:6)
	at ai.glog.execute.workers.TriageAndRemediationCallableWorker.getResolver(TriageAndRemediationCallableWorker.java:97)
	at ai.glog.execute.workers.TriageAndRemediationCallableWorker.call(TriageAndRemediationCallableWorker.java:62)
	at ai.glog.execute.workers.TriageAndRemediationCallableWorker.call(TriageAndRemediationCallableWorker.java:32)
	at java.base/java.util.concurrent.FutureTask.run(FutureTask.java:317)
	at java.base/java.util.concurrent.ThreadPoolExecutor.runWorker(ThreadPoolExecutor.java:1144)
	at java.base/java.util.concurrent.ThreadPoolExecutor$Worker.run(ThreadPoolExecutor.java:642)
	at java.base/java.lang.Thread.run(Thread.java:1623)

Dec 21, 2025 11:27:56 PM ai.glog.execute.workers.TriageAndRemediationCallableWorker call
SEVERE: No enum constant ai.glog.plugins.bandit.plugin.BugEnum.python.flask.security.audit.hardcoded-config.avoid_hardcoded_config_SECRET_KEY
java.lang.IllegalArgumentException: No enum constant ai.glog.plugins.bandit.plugin.BugEnum.python.flask.security.audit.hardcoded-config.avoid_hardcoded_config_SECRET_KEY
	at java.base/java.lang.Enum.valueOf(Enum.java:274)
	at ai.glog.plugins.bandit.plugin.BugEnum.valueOf(BugEnum.java:6)
	at ai.glog.execute.workers.TriageAndRemediationCallableWorker.getResolver(TriageAndRemediationCallableWorker.java:97)
	at ai.glog.execute.workers.TriageAndRemediationCallableWorker.call(TriageAndRemediationCallableWorker.java:62)
	at ai.glog.execute.workers.TriageAndRemediationCallableWorker.call(TriageAndRemediationCallableWorker.java:32)
	at java.base/java.util.concurrent.FutureTask.run(FutureTask.java:317)
	at java.base/java.util.concurrent.ThreadPoolExecutor.runWorker(ThreadPoolExecutor.java:1144)
	at java.base/java.util.concurrent.ThreadPoolExecutor$Worker.run(ThreadPoolExecutor.java:642)
	at java.base/java.lang.Thread.run(Thread.java:1623)

Dec 21, 2025 11:27:56 PM ai.glog.execute.workers.TriageAndRemediationCallableWorker call
SEVERE: No enum constant ai.glog.plugins.bandit.plugin.BugEnum.resources.rules.python.avoid_hardcoded_config_SECRET_KEY
java.lang.IllegalArgumentException: No enum constant ai.glog.plugins.bandit.plugin.BugEnum.resources.rules.python.avoid_hardcoded_config_SECRET_KEY
	at java.base/java.lang.Enum.valueOf(Enum.java:274)
	at ai.glog.plugins.bandit.plugin.BugEnum.valueOf(BugEnum.java:6)
	at ai.glog.execute.workers.TriageAndRemediationCallableWorker.getResolver(TriageAndRemediationCallableWorker.java:97)
	at ai.glog.execute.workers.TriageAndRemediationCallableWorker.call(TriageAndRemediationCallableWorker.java:62)
	at ai.glog.execute.workers.TriageAndRemediationCallableWorker.call(TriageAndRemediationCallableWorker.java:32)
	at java.base/java.util.concurrent.FutureTask.run(FutureTask.java:317)
	at java.base/java.util.concurrent.ThreadPoolExecutor.runWorker(ThreadPoolExecutor.java:1144)
	at java.base/java.util.concurrent.ThreadPoolExecutor$Worker.run(ThreadPoolExecutor.java:642)
	at java.base/java.lang.Thread.run(Thread.java:1623)

Dec 21, 2025 11:27:56 PM ai.glog.execute.workers.TriageAndRemediationCallableWorker call
SEVERE: No enum constant ai.glog.plugins.bandit.plugin.BugEnum.resources.rules.python.flask-app-route-handler
java.lang.IllegalArgumentException: No enum constant ai.glog.plugins.bandit.plugin.BugEnum.resources.rules.python.flask-app-route-handler
	at java.base/java.lang.Enum.valueOf(Enum.java:274)
	at ai.glog.plugins.bandit.plugin.BugEnum.valueOf(BugEnum.java:6)
	at ai.glog.execute.workers.TriageAndRemediationCallableWorker.getResolver(TriageAndRemediationCallableWorker.java:97)
	at ai.glog.execute.workers.TriageAndRemediationCallableWorker.call(TriageAndRemediationCallableWorker.java:62)
	at ai.glog.execute.workers.TriageAndRemediationCallableWorker.call(TriageAndRemediationCallableWorker.java:32)
	at java.base/java.util.concurrent.FutureTask.run(FutureTask.java:317)
	at java.base/java.util.concurrent.ThreadPoolExecutor.runWorker(ThreadPoolExecutor.java:1144)
	at java.base/java.util.concurrent.ThreadPoolExecutor$Worker.run(ThreadPoolExecutor.java:642)
	at java.base/java.lang.Thread.run(Thread.java:1623)

Dec 21, 2025 11:27:56 PM ai.glog.execute.workers.TriageAndRemediationCallableWorker call
SEVERE: No enum constant ai.glog.plugins.bandit.plugin.BugEnum.python.flask.security.audit.app-run-security-config.avoid_using_app_run_directly
java.lang.IllegalArgumentException: No enum constant ai.glog.plugins.bandit.plugin.BugEnum.python.flask.security.audit.app-run-security-config.avoid_using_app_run_directly
	at java.base/java.lang.Enum.valueOf(Enum.java:274)
	at ai.glog.plugins.bandit.plugin.BugEnum.valueOf(BugEnum.java:6)
	at ai.glog.execute.workers.TriageAndRemediationCallableWorker.getResolver(TriageAndRemediationCallableWorker.java:97)
	at ai.glog.execute.workers.TriageAndRemediationCallableWorker.call(TriageAndRemediationCallableWorker.java:62)
	at ai.glog.execute.workers.TriageAndRemediationCallableWorker.call(TriageAndRemediationCallableWorker.java:32)
	at java.base/java.util.concurrent.FutureTask.run(FutureTask.java:317)
	at java.base/java.util.concurrent.ThreadPoolExecutor.runWorker(ThreadPoolExecutor.java:1144)
	at java.base/java.util.concurrent.ThreadPoolExecutor$Worker.run(ThreadPoolExecutor.java:642)
	at java.base/java.lang.Thread.run(Thread.java:1623)

Dec 21, 2025 11:27:56 PM ai.glog.execute.workers.TriageAndRemediationCallableWorker call
SEVERE: No enum constant ai.glog.plugins.bandit.plugin.BugEnum.python.flask.security.audit.debug-enabled.debug-enabled
java.lang.IllegalArgumentException: No enum constant ai.glog.plugins.bandit.plugin.BugEnum.python.flask.security.audit.debug-enabled.debug-enabled
	at java.base/java.lang.Enum.valueOf(Enum.java:274)
	at ai.glog.plugins.bandit.plugin.BugEnum.valueOf(BugEnum.java:6)
	at ai.glog.execute.workers.TriageAndRemediationCallableWorker.getResolver(TriageAndRemediationCallableWorker.java:97)
	at ai.glog.execute.workers.TriageAndRemediationCallableWorker.call(TriageAndRemediationCallableWorker.java:62)
	at ai.glog.execute.workers.TriageAndRemediationCallableWorker.call(TriageAndRemediationCallableWorker.java:32)
	at java.base/java.util.concurrent.FutureTask.run(FutureTask.java:317)
	at java.base/java.util.concurrent.ThreadPoolExecutor.runWorker(ThreadPoolExecutor.java:1144)
	at java.base/java.util.concurrent.ThreadPoolExecutor$Worker.run(ThreadPoolExecutor.java:642)
	at java.base/java.lang.Thread.run(Thread.java:1623)

Dec 21, 2025 11:27:56 PM ai.glog.execute.workers.TriageAndRemediationCallableWorker call
SEVERE: No enum constant ai.glog.plugins.bandit.plugin.BugEnum.resources.rules.python.avoid_using_app_run_directly
java.lang.IllegalArgumentException: No enum constant ai.glog.plugins.bandit.plugin.BugEnum.resources.rules.python.avoid_using_app_run_directly
	at java.base/java.lang.Enum.valueOf(Enum.java:274)
	at ai.glog.plugins.bandit.plugin.BugEnum.valueOf(BugEnum.java:6)
	at ai.glog.execute.workers.TriageAndRemediationCallableWorker.getResolver(TriageAndRemediationCallableWorker.java:97)
	at ai.glog.execute.workers.TriageAndRemediationCallableWorker.call(TriageAndRemediationCallableWorker.java:62)
	at ai.glog.execute.workers.TriageAndRemediationCallableWorker.call(TriageAndRemediationCallableWorker.java:32)
	at java.base/java.util.concurrent.FutureTask.run(FutureTask.java:317)
	at java.base/java.util.concurrent.ThreadPoolExecutor.runWorker(ThreadPoolExecutor.java:1144)
	at java.base/java.util.concurrent.ThreadPoolExecutor$Worker.run(ThreadPoolExecutor.java:642)
	at java.base/java.lang.Thread.run(Thread.java:1623)

Dec 21, 2025 11:27:56 PM ai.glog.execute.workers.TriageAndRemediationCallableWorker call
SEVERE: No enum constant ai.glog.plugins.bandit.plugin.BugEnum.resources.rules.python.debug-enabled
java.lang.IllegalArgumentException: No enum constant ai.glog.plugins.bandit.plugin.BugEnum.resources.rules.python.debug-enabled
	at java.base/java.lang.Enum.valueOf(Enum.java:274)
	at ai.glog.plugins.bandit.plugin.BugEnum.valueOf(BugEnum.java:6)
	at ai.glog.execute.workers.TriageAndRemediationCallableWorker.getResolver(TriageAndRemediationCallableWorker.java:97)
	at ai.glog.execute.workers.TriageAndRemediationCallableWorker.call(TriageAndRemediationCallableWorker.java:62)
	at ai.glog.execute.workers.TriageAndRemediationCallableWorker.call(TriageAndRemediationCallableWorker.java:32)
	at java.base/java.util.concurrent.FutureTask.run(FutureTask.java:317)
	at java.base/java.util.concurrent.ThreadPoolExecutor.runWorker(ThreadPoolExecutor.java:1144)
	at java.base/java.util.concurrent.ThreadPoolExecutor$Worker.run(ThreadPoolExecutor.java:642)
	at java.base/java.lang.Thread.run(Thread.java:1623)

Dec 21, 2025 11:27:56 PM ai.glog.execute.workers.TriageAndRemediationCallableWorker call
SEVERE: No enum constant ai.glog.plugins.bandit.plugin.BugEnum.python.flask.security.audit.hardcoded-config.avoid_hardcoded_config_SECRET_KEY
java.lang.IllegalArgumentException: No enum constant ai.glog.plugins.bandit.plugin.BugEnum.python.flask.security.audit.hardcoded-config.avoid_hardcoded_config_SECRET_KEY
	at java.base/java.lang.Enum.valueOf(Enum.java:274)
	at ai.glog.plugins.bandit.plugin.BugEnum.valueOf(BugEnum.java:6)
	at ai.glog.execute.workers.TriageAndRemediationCallableWorker.getResolver(TriageAndRemediationCallableWorker.java:97)
	at ai.glog.execute.workers.TriageAndRemediationCallableWorker.call(TriageAndRemediationCallableWorker.java:62)
	at ai.glog.execute.workers.TriageAndRemediationCallableWorker.call(TriageAndRemediationCallableWorker.java:32)
	at java.base/java.util.concurrent.FutureTask.run(FutureTask.java:317)
	at java.base/java.util.concurrent.ThreadPoolExecutor.runWorker(ThreadPoolExecutor.java:1144)
	at java.base/java.util.concurrent.ThreadPoolExecutor$Worker.run(ThreadPoolExecutor.java:642)
	at java.base/java.lang.Thread.run(Thread.java:1623)

Dec 21, 2025 11:27:56 PM ai.glog.execute.workers.TriageAndRemediationCallableWorker call
SEVERE: No enum constant ai.glog.plugins.bandit.plugin.BugEnum.resources.rules.python.avoid_hardcoded_config_SECRET_KEY
java.lang.IllegalArgumentException: No enum constant ai.glog.plugins.bandit.plugin.BugEnum.resources.rules.python.avoid_hardcoded_config_SECRET_KEY
	at java.base/java.lang.Enum.valueOf(Enum.java:274)
	at ai.glog.plugins.bandit.plugin.BugEnum.valueOf(BugEnum.java:6)
	at ai.glog.execute.workers.TriageAndRemediationCallableWorker.getResolver(TriageAndRemediationCallableWorker.java:97)
	at ai.glog.execute.workers.TriageAndRemediationCallableWorker.call(TriageAndRemediationCallableWorker.java:62)
	at ai.glog.execute.workers.TriageAndRemediationCallableWorker.call(TriageAndRemediationCallableWorker.java:32)
	at java.base/java.util.concurrent.FutureTask.run(FutureTask.java:317)
	at java.base/java.util.concurrent.ThreadPoolExecutor.runWorker(ThreadPoolExecutor.java:1144)
	at java.base/java.util.concurrent.ThreadPoolExecutor$Worker.run(ThreadPoolExecutor.java:642)
	at java.base/java.lang.Thread.run(Thread.java:1623)

Dec 21, 2025 11:27:56 PM ai.glog.execute.workers.TriageAndRemediationCallableWorker call
SEVERE: No enum constant ai.glog.plugins.bandit.plugin.BugEnum.resources.rules.python.python-obfuscation-conditions
java.lang.IllegalArgumentException: No enum constant ai.glog.plugins.bandit.plugin.BugEnum.resources.rules.python.python-obfuscation-conditions
	at java.base/java.lang.Enum.valueOf(Enum.java:274)
	at ai.glog.plugins.bandit.plugin.BugEnum.valueOf(BugEnum.java:6)
	at ai.glog.execute.workers.TriageAndRemediationCallableWorker.getResolver(TriageAndRemediationCallableWorker.java:97)
	at ai.glog.execute.workers.TriageAndRemediationCallableWorker.call(TriageAndRemediationCallableWorker.java:62)
	at ai.glog.execute.workers.TriageAndRemediationCallableWorker.call(TriageAndRemediationCallableWorker.java:32)
	at java.base/java.util.concurrent.FutureTask.run(FutureTask.java:317)
	at java.base/java.util.concurrent.ThreadPoolExecutor.runWorker(ThreadPoolExecutor.java:1144)
	at java.base/java.util.concurrent.ThreadPoolExecutor$Worker.run(ThreadPoolExecutor.java:642)
	at java.base/java.lang.Thread.run(Thread.java:1623)

Dec 21, 2025 11:27:56 PM ai.glog.execute.workers.TriageAndRemediationCallableWorker call
SEVERE: No enum constant ai.glog.plugins.bandit.plugin.BugEnum.resources.rules.python.flask-app-route-handler
java.lang.IllegalArgumentException: No enum constant ai.glog.plugins.bandit.plugin.BugEnum.resources.rules.python.flask-app-route-handler
	at java.base/java.lang.Enum.valueOf(Enum.java:274)
	at ai.glog.plugins.bandit.plugin.BugEnum.valueOf(BugEnum.java:6)
	at ai.glog.execute.workers.TriageAndRemediationCallableWorker.getResolver(TriageAndRemediationCallableWorker.java:97)
	at ai.glog.execute.workers.TriageAndRemediationCallableWorker.call(TriageAndRemediationCallableWorker.java:62)
	at ai.glog.execute.workers.TriageAndRemediationCallableWorker.call(TriageAndRemediationCallableWorker.java:32)
	at java.base/java.util.concurrent.FutureTask.run(FutureTask.java:317)
	at java.base/java.util.concurrent.ThreadPoolExecutor.runWorker(ThreadPoolExecutor.java:1144)
	at java.base/java.util.concurrent.ThreadPoolExecutor$Worker.run(ThreadPoolExecutor.java:642)
	at java.base/java.lang.Thread.run(Thread.java:1623)

Dec 21, 2025 11:27:56 PM ai.glog.execute.workers.TriageAndRemediationCallableWorker call
SEVERE: No enum constant ai.glog.plugins.bandit.plugin.BugEnum.python.flask.security.audit.app-run-security-config.avoid_using_app_run_directly
java.lang.IllegalArgumentException: No enum constant ai.glog.plugins.bandit.plugin.BugEnum.python.flask.security.audit.app-run-security-config.avoid_using_app_run_directly
	at java.base/java.lang.Enum.valueOf(Enum.java:274)
	at ai.glog.plugins.bandit.plugin.BugEnum.valueOf(BugEnum.java:6)
	at ai.glog.execute.workers.TriageAndRemediationCallableWorker.getResolver(TriageAndRemediationCallableWorker.java:97)
	at ai.glog.execute.workers.TriageAndRemediationCallableWorker.call(TriageAndRemediationCallableWorker.java:62)
	at ai.glog.execute.workers.TriageAndRemediationCallableWorker.call(TriageAndRemediationCallableWorker.java:32)
	at java.base/java.util.concurrent.FutureTask.run(FutureTask.java:317)
	at java.base/java.util.concurrent.ThreadPoolExecutor.runWorker(ThreadPoolExecutor.java:1144)
	at java.base/java.util.concurrent.ThreadPoolExecutor$Worker.run(ThreadPoolExecutor.java:642)
	at java.base/java.lang.Thread.run(Thread.java:1623)

Dec 21, 2025 11:27:56 PM ai.glog.execute.workers.TriageAndRemediationCallableWorker call
SEVERE: No enum constant ai.glog.plugins.bandit.plugin.BugEnum.python.flask.security.audit.debug-enabled.debug-enabled
java.lang.IllegalArgumentException: No enum constant ai.glog.plugins.bandit.plugin.BugEnum.python.flask.security.audit.debug-enabled.debug-enabled
	at java.base/java.lang.Enum.valueOf(Enum.java:274)
	at ai.glog.plugins.bandit.plugin.BugEnum.valueOf(BugEnum.java:6)
	at ai.glog.execute.workers.TriageAndRemediationCallableWorker.getResolver(TriageAndRemediationCallableWorker.java:97)
	at ai.glog.execute.workers.TriageAndRemediationCallableWorker.call(TriageAndRemediationCallableWorker.java:62)
	at ai.glog.execute.workers.TriageAndRemediationCallableWorker.call(TriageAndRemediationCallableWorker.java:32)
	at java.base/java.util.concurrent.FutureTask.run(FutureTask.java:317)
	at java.base/java.util.concurrent.ThreadPoolExecutor.runWorker(ThreadPoolExecutor.java:1144)
	at java.base/java.util.concurrent.ThreadPoolExecutor$Worker.run(ThreadPoolExecutor.java:642)
	at java.base/java.lang.Thread.run(Thread.java:1623)

Dec 21, 2025 11:27:56 PM ai.glog.execute.workers.TriageAndRemediationCallableWorker call
SEVERE: No enum constant ai.glog.plugins.bandit.plugin.BugEnum.resources.rules.python.avoid_using_app_run_directly
java.lang.IllegalArgumentException: No enum constant ai.glog.plugins.bandit.plugin.BugEnum.resources.rules.python.avoid_using_app_run_directly
	at java.base/java.lang.Enum.valueOf(Enum.java:274)
	at ai.glog.plugins.bandit.plugin.BugEnum.valueOf(BugEnum.java:6)
	at ai.glog.execute.workers.TriageAndRemediationCallableWorker.getResolver(TriageAndRemediationCallableWorker.java:97)
	at ai.glog.execute.workers.TriageAndRemediationCallableWorker.call(TriageAndRemediationCallableWorker.java:62)
	at ai.glog.execute.workers.TriageAndRemediationCallableWorker.call(TriageAndRemediationCallableWorker.java:32)
	at java.base/java.util.concurrent.FutureTask.run(FutureTask.java:317)
	at java.base/java.util.concurrent.ThreadPoolExecutor.runWorker(ThreadPoolExecutor.java:1144)
	at java.base/java.util.concurrent.ThreadPoolExecutor$Worker.run(ThreadPoolExecutor.java:642)
	at java.base/java.lang.Thread.run(Thread.java:1623)

Dec 21, 2025 11:27:56 PM ai.glog.execute.workers.TriageAndRemediationCallableWorker call
SEVERE: No enum constant ai.glog.plugins.bandit.plugin.BugEnum.resources.rules.python.debug-enabled
java.lang.IllegalArgumentException: No enum constant ai.glog.plugins.bandit.plugin.BugEnum.resources.rules.python.debug-enabled
	at java.base/java.lang.Enum.valueOf(Enum.java:274)
	at ai.glog.plugins.bandit.plugin.BugEnum.valueOf(BugEnum.java:6)
	at ai.glog.execute.workers.TriageAndRemediationCallableWorker.getResolver(TriageAndRemediationCallableWorker.java:97)
	at ai.glog.execute.workers.TriageAndRemediationCallableWorker.call(TriageAndRemediationCallableWorker.java:62)
	at ai.glog.execute.workers.TriageAndRemediationCallableWorker.call(TriageAndRemediationCallableWorker.java:32)
	at java.base/java.util.concurrent.FutureTask.run(FutureTask.java:317)
	at java.base/java.util.concurrent.ThreadPoolExecutor.runWorker(ThreadPoolExecutor.java:1144)
	at java.base/java.util.concurrent.ThreadPoolExecutor$Worker.run(ThreadPoolExecutor.java:642)
	at java.base/java.lang.Thread.run(Thread.java:1623)

Dec 21, 2025 11:27:56 PM ai.glog.execute.workers.TriageAndRemediationCallableWorker call
SEVERE: No enum constant ai.glog.plugins.bandit.plugin.BugEnum.resources.rules.python.hardcoded-tmp-path
java.lang.IllegalArgumentException: No enum constant ai.glog.plugins.bandit.plugin.BugEnum.resources.rules.python.hardcoded-tmp-path
	at java.base/java.lang.Enum.valueOf(Enum.java:274)
	at ai.glog.plugins.bandit.plugin.BugEnum.valueOf(BugEnum.java:6)
	at ai.glog.execute.workers.TriageAndRemediationCallableWorker.getResolver(TriageAndRemediationCallableWorker.java:97)
	at ai.glog.execute.workers.TriageAndRemediationCallableWorker.call(TriageAndRemediationCallableWorker.java:62)
	at ai.glog.execute.workers.TriageAndRemediationCallableWorker.call(TriageAndRemediationCallableWorker.java:32)
	at java.base/java.util.concurrent.FutureTask.run(FutureTask.java:317)
	at java.base/java.util.concurrent.ThreadPoolExecutor.runWorker(ThreadPoolExecutor.java:1144)
	at java.base/java.util.concurrent.ThreadPoolExecutor$Worker.run(ThreadPoolExecutor.java:642)
	at java.base/java.lang.Thread.run(Thread.java:1623)

Dec 21, 2025 11:27:56 PM ai.glog.execute.workers.TriageAndRemediationCallableWorker call
SEVERE: No enum constant ai.glog.plugins.bandit.plugin.BugEnum.resources.rules.python.dlint-catastrophic-redos
java.lang.IllegalArgumentException: No enum constant ai.glog.plugins.bandit.plugin.BugEnum.resources.rules.python.dlint-catastrophic-redos
	at java.base/java.lang.Enum.valueOf(Enum.java:274)
	at ai.glog.plugins.bandit.plugin.BugEnum.valueOf(BugEnum.java:6)
	at ai.glog.execute.workers.TriageAndRemediationCallableWorker.getResolver(TriageAndRemediationCallableWorker.java:97)
	at ai.glog.execute.workers.TriageAndRemediationCallableWorker.call(TriageAndRemediationCallableWorker.java:62)
	at ai.glog.execute.workers.TriageAndRemediationCallableWorker.call(TriageAndRemediationCallableWorker.java:32)
	at java.base/java.util.concurrent.FutureTask.run(FutureTask.java:317)
	at java.base/java.util.concurrent.ThreadPoolExecutor.runWorker(ThreadPoolExecutor.java:1144)
	at java.base/java.util.concurrent.ThreadPoolExecutor$Worker.run(ThreadPoolExecutor.java:642)
	at java.base/java.lang.Thread.run(Thread.java:1623)

Dec 21, 2025 11:27:56 PM ai.glog.execute.workers.TriageAndRemediationCallableWorker call
SEVERE: No enum constant ai.glog.plugins.bandit.plugin.BugEnum.resources.rules.python.dlint-catastrophic-redos
java.lang.IllegalArgumentException: No enum constant ai.glog.plugins.bandit.plugin.BugEnum.resources.rules.python.dlint-catastrophic-redos
	at java.base/java.lang.Enum.valueOf(Enum.java:274)
	at ai.glog.plugins.bandit.plugin.BugEnum.valueOf(BugEnum.java:6)
	at ai.glog.execute.workers.TriageAndRemediationCallableWorker.getResolver(TriageAndRemediationCallableWorker.java:97)
	at ai.glog.execute.workers.TriageAndRemediationCallableWorker.call(TriageAndRemediationCallableWorker.java:62)
	at ai.glog.execute.workers.TriageAndRemediationCallableWorker.call(TriageAndRemediationCallableWorker.java:32)
	at java.base/java.util.concurrent.FutureTask.run(FutureTask.java:317)
	at java.base/java.util.concurrent.ThreadPoolExecutor.runWorker(ThreadPoolExecutor.java:1144)
	at java.base/java.util.concurrent.ThreadPoolExecutor$Worker.run(ThreadPoolExecutor.java:642)
	at java.base/java.lang.Thread.run(Thread.java:1623)

Dec 21, 2025 11:27:56 PM ai.glog.execute.workers.TriageAndRemediationCallableWorker call
SEVERE: No enum constant ai.glog.plugins.bandit.plugin.BugEnum.resources.rules.python.dlint-catastrophic-redos
java.lang.IllegalArgumentException: No enum constant ai.glog.plugins.bandit.plugin.BugEnum.resources.rules.python.dlint-catastrophic-redos
	at java.base/java.lang.Enum.valueOf(Enum.java:274)
	at ai.glog.plugins.bandit.plugin.BugEnum.valueOf(BugEnum.java:6)
	at ai.glog.execute.workers.TriageAndRemediationCallableWorker.getResolver(TriageAndRemediationCallableWorker.java:97)
	at ai.glog.execute.workers.TriageAndRemediationCallableWorker.call(TriageAndRemediationCallableWorker.java:62)
	at ai.glog.execute.workers.TriageAndRemediationCallableWorker.call(TriageAndRemediationCallableWorker.java:32)
	at java.base/java.util.concurrent.FutureTask.run(FutureTask.java:317)
	at java.base/java.util.concurrent.ThreadPoolExecutor.runWorker(ThreadPoolExecutor.java:1144)
	at java.base/java.util.concurrent.ThreadPoolExecutor$Worker.run(ThreadPoolExecutor.java:642)
	at java.base/java.lang.Thread.run(Thread.java:1623)

Dec 21, 2025 11:27:56 PM ai.glog.execute.workers.TriageAndRemediationCallableWorker call
SEVERE: No enum constant ai.glog.plugins.bandit.plugin.BugEnum.resources.rules.python.request-with-http
java.lang.IllegalArgumentException: No enum constant ai.glog.plugins.bandit.plugin.BugEnum.resources.rules.python.request-with-http
	at java.base/java.lang.Enum.valueOf(Enum.java:274)
	at ai.glog.plugins.bandit.plugin.BugEnum.valueOf(BugEnum.java:6)
	at ai.glog.execute.workers.TriageAndRemediationCallableWorker.getResolver(TriageAndRemediationCallableWorker.java:97)
	at ai.glog.execute.workers.TriageAndRemediationCallableWorker.call(TriageAndRemediationCallableWorker.java:62)
	at ai.glog.execute.workers.TriageAndRemediationCallableWorker.call(TriageAndRemediationCallableWorker.java:32)
	at java.base/java.util.concurrent.FutureTask.run(FutureTask.java:317)
	at java.base/java.util.concurrent.ThreadPoolExecutor.runWorker(ThreadPoolExecutor.java:1144)
	at java.base/java.util.concurrent.ThreadPoolExecutor$Worker.run(ThreadPoolExecutor.java:642)
	at java.base/java.lang.Thread.run(Thread.java:1623)

Dec 21, 2025 11:27:56 PM ai.glog.execute.workers.TriageAndRemediationCallableWorker call
SEVERE: No enum constant ai.glog.plugins.bandit.plugin.BugEnum.resources.rules.python.request-with-http
java.lang.IllegalArgumentException: No enum constant ai.glog.plugins.bandit.plugin.BugEnum.resources.rules.python.request-with-http
	at java.base/java.lang.Enum.valueOf(Enum.java:274)
	at ai.glog.plugins.bandit.plugin.BugEnum.valueOf(BugEnum.java:6)
	at ai.glog.execute.workers.TriageAndRemediationCallableWorker.getResolver(TriageAndRemediationCallableWorker.java:97)
	at ai.glog.execute.workers.TriageAndRemediationCallableWorker.call(TriageAndRemediationCallableWorker.java:62)
	at ai.glog.execute.workers.TriageAndRemediationCallableWorker.call(TriageAndRemediationCallableWorker.java:32)
	at java.base/java.util.concurrent.FutureTask.run(FutureTask.java:317)
	at java.base/java.util.concurrent.ThreadPoolExecutor.runWorker(ThreadPoolExecutor.java:1144)
	at java.base/java.util.concurrent.ThreadPoolExecutor$Worker.run(ThreadPoolExecutor.java:642)
	at java.base/java.lang.Thread.run(Thread.java:1623)

Dec 21, 2025 11:27:56 PM ai.glog.execute.workers.TriageAndRemediationCallableWorker call
SEVERE: No enum constant ai.glog.plugins.bandit.plugin.BugEnum.resources.rules.python.use-raise-for-status
java.lang.IllegalArgumentException: No enum constant ai.glog.plugins.bandit.plugin.BugEnum.resources.rules.python.use-raise-for-status
	at java.base/java.lang.Enum.valueOf(Enum.java:274)
	at ai.glog.plugins.bandit.plugin.BugEnum.valueOf(BugEnum.java:6)
	at ai.glog.execute.workers.TriageAndRemediationCallableWorker.getResolver(TriageAndRemediationCallableWorker.java:97)
	at ai.glog.execute.workers.TriageAndRemediationCallableWorker.call(TriageAndRemediationCallableWorker.java:62)
	at ai.glog.execute.workers.TriageAndRemediationCallableWorker.call(TriageAndRemediationCallableWorker.java:32)
	at java.base/java.util.concurrent.FutureTask.run(FutureTask.java:317)
	at java.base/java.util.concurrent.ThreadPoolExecutor.runWorker(ThreadPoolExecutor.java:1144)
	at java.base/java.util.concurrent.ThreadPoolExecutor$Worker.run(ThreadPoolExecutor.java:642)
	at java.base/java.lang.Thread.run(Thread.java:1623)

Dec 21, 2025 11:27:56 PM ai.glog.execute.workers.TriageAndRemediationCallableWorker call
SEVERE: No enum constant ai.glog.plugins.bandit.plugin.BugEnum.resources.rules.python.use-timeout
java.lang.IllegalArgumentException: No enum constant ai.glog.plugins.bandit.plugin.BugEnum.resources.rules.python.use-timeout
	at java.base/java.lang.Enum.valueOf(Enum.java:274)
	at ai.glog.plugins.bandit.plugin.BugEnum.valueOf(BugEnum.java:6)
	at ai.glog.execute.workers.TriageAndRemediationCallableWorker.getResolver(TriageAndRemediationCallableWorker.java:97)
	at ai.glog.execute.workers.TriageAndRemediationCallableWorker.call(TriageAndRemediationCallableWorker.java:62)
	at ai.glog.execute.workers.TriageAndRemediationCallableWorker.call(TriageAndRemediationCallableWorker.java:32)
	at java.base/java.util.concurrent.FutureTask.run(FutureTask.java:317)
	at java.base/java.util.concurrent.ThreadPoolExecutor.runWorker(ThreadPoolExecutor.java:1144)
	at java.base/java.util.concurrent.ThreadPoolExecutor$Worker.run(ThreadPoolExecutor.java:642)
	at java.base/java.lang.Thread.run(Thread.java:1623)

Dec 21, 2025 11:27:56 PM ai.glog.execute.workers.TriageAndRemediationCallableWorker call
SEVERE: No enum constant ai.glog.plugins.bandit.plugin.BugEnum.python.lang.security.audit.insecure-transport.requests.request-with-http.request-with-http
java.lang.IllegalArgumentException: No enum constant ai.glog.plugins.bandit.plugin.BugEnum.python.lang.security.audit.insecure-transport.requests.request-with-http.request-with-http
	at java.base/java.lang.Enum.valueOf(Enum.java:274)
	at ai.glog.plugins.bandit.plugin.BugEnum.valueOf(BugEnum.java:6)
	at ai.glog.execute.workers.TriageAndRemediationCallableWorker.getResolver(TriageAndRemediationCallableWorker.java:97)
	at ai.glog.execute.workers.TriageAndRemediationCallableWorker.call(TriageAndRemediationCallableWorker.java:62)
	at ai.glog.execute.workers.TriageAndRemediationCallableWorker.call(TriageAndRemediationCallableWorker.java:32)
	at java.base/java.util.concurrent.FutureTask.run(FutureTask.java:317)
	at java.base/java.util.concurrent.ThreadPoolExecutor.runWorker(ThreadPoolExecutor.java:1144)
	at java.base/java.util.concurrent.ThreadPoolExecutor$Worker.run(ThreadPoolExecutor.java:642)
	at java.base/java.lang.Thread.run(Thread.java:1623)

Dec 21, 2025 11:27:56 PM ai.glog.execute.workers.TriageAndRemediationCallableWorker call
SEVERE: No enum constant ai.glog.plugins.bandit.plugin.BugEnum.python.jwt.security.jwt-hardcode.jwt-python-hardcoded-secret
java.lang.IllegalArgumentException: No enum constant ai.glog.plugins.bandit.plugin.BugEnum.python.jwt.security.jwt-hardcode.jwt-python-hardcoded-secret
	at java.base/java.lang.Enum.valueOf(Enum.java:274)
	at ai.glog.plugins.bandit.plugin.BugEnum.valueOf(BugEnum.java:6)
	at ai.glog.execute.workers.TriageAndRemediationCallableWorker.getResolver(TriageAndRemediationCallableWorker.java:97)
	at ai.glog.execute.workers.TriageAndRemediationCallableWorker.call(TriageAndRemediationCallableWorker.java:62)
	at ai.glog.execute.workers.TriageAndRemediationCallableWorker.call(TriageAndRemediationCallableWorker.java:32)
	at java.base/java.util.concurrent.FutureTask.run(FutureTask.java:317)
	at java.base/java.util.concurrent.ThreadPoolExecutor.runWorker(ThreadPoolExecutor.java:1144)
	at java.base/java.util.concurrent.ThreadPoolExecutor$Worker.run(ThreadPoolExecutor.java:642)
	at java.base/java.lang.Thread.run(Thread.java:1623)

Dec 21, 2025 11:27:56 PM ai.glog.execute.workers.TriageAndRemediationCallableWorker call
SEVERE: No enum constant ai.glog.plugins.bandit.plugin.BugEnum.resources.rules.python.missing-ratelimit
java.lang.IllegalArgumentException: No enum constant ai.glog.plugins.bandit.plugin.BugEnum.resources.rules.python.missing-ratelimit
	at java.base/java.lang.Enum.valueOf(Enum.java:274)
	at ai.glog.plugins.bandit.plugin.BugEnum.valueOf(BugEnum.java:6)
	at ai.glog.execute.workers.TriageAndRemediationCallableWorker.getResolver(TriageAndRemediationCallableWorker.java:97)
	at ai.glog.execute.workers.TriageAndRemediationCallableWorker.call(TriageAndRemediationCallableWorker.java:62)
	at ai.glog.execute.workers.TriageAndRemediationCallableWorker.call(TriageAndRemediationCallableWorker.java:32)
	at java.base/java.util.concurrent.FutureTask.run(FutureTask.java:317)
	at java.base/java.util.concurrent.ThreadPoolExecutor.runWorker(ThreadPoolExecutor.java:1144)
	at java.base/java.util.concurrent.ThreadPoolExecutor$Worker.run(ThreadPoolExecutor.java:642)
	at java.base/java.lang.Thread.run(Thread.java:1623)

Dec 21, 2025 11:27:56 PM ai.glog.execute.workers.TriageAndRemediationCallableWorker call
SEVERE: No enum constant ai.glog.plugins.bandit.plugin.BugEnum.resources.rules.python.missing-ratelimit
java.lang.IllegalArgumentException: No enum constant ai.glog.plugins.bandit.plugin.BugEnum.resources.rules.python.missing-ratelimit
	at java.base/java.lang.Enum.valueOf(Enum.java:274)
	at ai.glog.plugins.bandit.plugin.BugEnum.valueOf(BugEnum.java:6)
	at ai.glog.execute.workers.TriageAndRemediationCallableWorker.getResolver(TriageAndRemediationCallableWorker.java:97)
	at ai.glog.execute.workers.TriageAndRemediationCallableWorker.call(TriageAndRemediationCallableWorker.java:62)
	at ai.glog.execute.workers.TriageAndRemediationCallableWorker.call(TriageAndRemediationCallableWorker.java:32)
	at java.base/java.util.concurrent.FutureTask.run(FutureTask.java:317)
	at java.base/java.util.concurrent.ThreadPoolExecutor.runWorker(ThreadPoolExecutor.java:1144)
	at java.base/java.util.concurrent.ThreadPoolExecutor$Worker.run(ThreadPoolExecutor.java:642)
	at java.base/java.lang.Thread.run(Thread.java:1623)

Dec 21, 2025 11:27:56 PM ai.glog.execute.workers.TriageAndRemediationCallableWorker call
SEVERE: No enum constant ai.glog.plugins.bandit.plugin.BugEnum.resources.rules.python.missing-ratelimit
java.lang.IllegalArgumentException: No enum constant ai.glog.plugins.bandit.plugin.BugEnum.resources.rules.python.missing-ratelimit
	at java.base/java.lang.Enum.valueOf(Enum.java:274)
	at ai.glog.plugins.bandit.plugin.BugEnum.valueOf(BugEnum.java:6)
	at ai.glog.execute.workers.TriageAndRemediationCallableWorker.getResolver(TriageAndRemediationCallableWorker.java:97)
	at ai.glog.execute.workers.TriageAndRemediationCallableWorker.call(TriageAndRemediationCallableWorker.java:62)
	at ai.glog.execute.workers.TriageAndRemediationCallableWorker.call(TriageAndRemediationCallableWorker.java:32)
	at java.base/java.util.concurrent.FutureTask.run(FutureTask.java:317)
	at java.base/java.util.concurrent.ThreadPoolExecutor.runWorker(ThreadPoolExecutor.java:1144)
	at java.base/java.util.concurrent.ThreadPoolExecutor$Worker.run(ThreadPoolExecutor.java:642)
	at java.base/java.lang.Thread.run(Thread.java:1623)

Dec 21, 2025 11:27:56 PM ai.glog.execute.workers.TriageAndRemediationCallableWorker call
SEVERE: No enum constant ai.glog.plugins.bandit.plugin.BugEnum.resources.rules.python.missing-ratelimit
java.lang.IllegalArgumentException: No enum constant ai.glog.plugins.bandit.plugin.BugEnum.resources.rules.python.missing-ratelimit
	at java.base/java.lang.Enum.valueOf(Enum.java:274)
	at ai.glog.plugins.bandit.plugin.BugEnum.valueOf(BugEnum.java:6)
	at ai.glog.execute.workers.TriageAndRemediationCallableWorker.getResolver(TriageAndRemediationCallableWorker.java:97)
	at ai.glog.execute.workers.TriageAndRemediationCallableWorker.call(TriageAndRemediationCallableWorker.java:62)
	at ai.glog.execute.workers.TriageAndRemediationCallableWorker.call(TriageAndRemediationCallableWorker.java:32)
	at java.base/java.util.concurrent.FutureTask.run(FutureTask.java:317)
	at java.base/java.util.concurrent.ThreadPoolExecutor.runWorker(ThreadPoolExecutor.java:1144)
	at java.base/java.util.concurrent.ThreadPoolExecutor$Worker.run(ThreadPoolExecutor.java:642)
	at java.base/java.lang.Thread.run(Thread.java:1623)

Dec 21, 2025 11:27:56 PM ai.glog.execute.workers.TriageAndRemediationCallableWorker call
SEVERE: No enum constant ai.glog.plugins.bandit.plugin.BugEnum.python.lang.security.audit.formatted-sql-query.formatted-sql-query
java.lang.IllegalArgumentException: No enum constant ai.glog.plugins.bandit.plugin.BugEnum.python.lang.security.audit.formatted-sql-query.formatted-sql-query
	at java.base/java.lang.Enum.valueOf(Enum.java:274)
	at ai.glog.plugins.bandit.plugin.BugEnum.valueOf(BugEnum.java:6)
	at ai.glog.execute.workers.TriageAndRemediationCallableWorker.getResolver(TriageAndRemediationCallableWorker.java:97)
	at ai.glog.execute.workers.TriageAndRemediationCallableWorker.call(TriageAndRemediationCallableWorker.java:62)
	at ai.glog.execute.workers.TriageAndRemediationCallableWorker.call(TriageAndRemediationCallableWorker.java:32)
	at java.base/java.util.concurrent.FutureTask.run(FutureTask.java:317)
	at java.base/java.util.concurrent.ThreadPoolExecutor.runWorker(ThreadPoolExecutor.java:1144)
	at java.base/java.util.concurrent.ThreadPoolExecutor$Worker.run(ThreadPoolExecutor.java:642)
	at java.base/java.lang.Thread.run(Thread.java:1623)

Dec 21, 2025 11:27:56 PM ai.glog.execute.workers.TriageAndRemediationCallableWorker call
SEVERE: No enum constant ai.glog.plugins.bandit.plugin.BugEnum.python.sqlalchemy.security.sqlalchemy-execute-raw-query.sqlalchemy-execute-raw-query
java.lang.IllegalArgumentException: No enum constant ai.glog.plugins.bandit.plugin.BugEnum.python.sqlalchemy.security.sqlalchemy-execute-raw-query.sqlalchemy-execute-raw-query
	at java.base/java.lang.Enum.valueOf(Enum.java:274)
	at ai.glog.plugins.bandit.plugin.BugEnum.valueOf(BugEnum.java:6)
	at ai.glog.execute.workers.TriageAndRemediationCallableWorker.getResolver(TriageAndRemediationCallableWorker.java:97)
	at ai.glog.execute.workers.TriageAndRemediationCallableWorker.call(TriageAndRemediationCallableWorker.java:62)
	at ai.glog.execute.workers.TriageAndRemediationCallableWorker.call(TriageAndRemediationCallableWorker.java:32)
	at java.base/java.util.concurrent.FutureTask.run(FutureTask.java:317)
	at java.base/java.util.concurrent.ThreadPoolExecutor.runWorker(ThreadPoolExecutor.java:1144)
	at java.base/java.util.concurrent.ThreadPoolExecutor$Worker.run(ThreadPoolExecutor.java:642)
	at java.base/java.lang.Thread.run(Thread.java:1623)

Dec 21, 2025 11:27:56 PM ai.glog.execute.workers.TriageAndRemediationCallableWorker call
SEVERE: No enum constant ai.glog.plugins.bandit.plugin.BugEnum.resources.rules.python.formatted-sql-query
java.lang.IllegalArgumentException: No enum constant ai.glog.plugins.bandit.plugin.BugEnum.resources.rules.python.formatted-sql-query
	at java.base/java.lang.Enum.valueOf(Enum.java:274)
	at ai.glog.plugins.bandit.plugin.BugEnum.valueOf(BugEnum.java:6)
	at ai.glog.execute.workers.TriageAndRemediationCallableWorker.getResolver(TriageAndRemediationCallableWorker.java:97)
	at ai.glog.execute.workers.TriageAndRemediationCallableWorker.call(TriageAndRemediationCallableWorker.java:62)
	at ai.glog.execute.workers.TriageAndRemediationCallableWorker.call(TriageAndRemediationCallableWorker.java:32)
	at java.base/java.util.concurrent.FutureTask.run(FutureTask.java:317)
	at java.base/java.util.concurrent.ThreadPoolExecutor.runWorker(ThreadPoolExecutor.java:1144)
	at java.base/java.util.concurrent.ThreadPoolExecutor$Worker.run(ThreadPoolExecutor.java:642)
	at java.base/java.lang.Thread.run(Thread.java:1623)

Dec 21, 2025 11:27:56 PM ai.glog.execute.workers.TriageAndRemediationCallableWorker call
SEVERE: No enum constant ai.glog.plugins.bandit.plugin.BugEnum.resources.rules.python.sqlalchemy-execute-raw-query
java.lang.IllegalArgumentException: No enum constant ai.glog.plugins.bandit.plugin.BugEnum.resources.rules.python.sqlalchemy-execute-raw-query
	at java.base/java.lang.Enum.valueOf(Enum.java:274)
	at ai.glog.plugins.bandit.plugin.BugEnum.valueOf(BugEnum.java:6)
	at ai.glog.execute.workers.TriageAndRemediationCallableWorker.getResolver(TriageAndRemediationCallableWorker.java:97)
	at ai.glog.execute.workers.TriageAndRemediationCallableWorker.call(TriageAndRemediationCallableWorker.java:62)
	at ai.glog.execute.workers.TriageAndRemediationCallableWorker.call(TriageAndRemediationCallableWorker.java:32)
	at java.base/java.util.concurrent.FutureTask.run(FutureTask.java:317)
	at java.base/java.util.concurrent.ThreadPoolExecutor.runWorker(ThreadPoolExecutor.java:1144)
	at java.base/java.util.concurrent.ThreadPoolExecutor$Worker.run(ThreadPoolExecutor.java:642)
	at java.base/java.lang.Thread.run(Thread.java:1623)

Dec 21, 2025 11:27:56 PM ai.glog.execute.workers.TriageAndRemediationCallableWorker call
SEVERE: No enum constant ai.glog.plugins.bandit.plugin.BugEnum.python.flask.security.audit.hardcoded-config.avoid_hardcoded_config_SECRET_KEY
java.lang.IllegalArgumentException: No enum constant ai.glog.plugins.bandit.plugin.BugEnum.python.flask.security.audit.hardcoded-config.avoid_hardcoded_config_SECRET_KEY
	at java.base/java.lang.Enum.valueOf(Enum.java:274)
	at ai.glog.plugins.bandit.plugin.BugEnum.valueOf(BugEnum.java:6)
	at ai.glog.execute.workers.TriageAndRemediationCallableWorker.getResolver(TriageAndRemediationCallableWorker.java:97)
	at ai.glog.execute.workers.TriageAndRemediationCallableWorker.call(TriageAndRemediationCallableWorker.java:62)
	at ai.glog.execute.workers.TriageAndRemediationCallableWorker.call(TriageAndRemediationCallableWorker.java:32)
	at java.base/java.util.concurrent.FutureTask.run(FutureTask.java:317)
	at java.base/java.util.concurrent.ThreadPoolExecutor.runWorker(ThreadPoolExecutor.java:1144)
	at java.base/java.util.concurrent.ThreadPoolExecutor$Worker.run(ThreadPoolExecutor.java:642)
	at java.base/java.lang.Thread.run(Thread.java:1623)

Dec 21, 2025 11:27:56 PM ai.glog.execute.workers.TriageAndRemediationCallableWorker call
SEVERE: No enum constant ai.glog.plugins.bandit.plugin.BugEnum.resources.rules.python.code-after-unconditional-return
java.lang.IllegalArgumentException: No enum constant ai.glog.plugins.bandit.plugin.BugEnum.resources.rules.python.code-after-unconditional-return
	at java.base/java.lang.Enum.valueOf(Enum.java:274)
	at ai.glog.plugins.bandit.plugin.BugEnum.valueOf(BugEnum.java:6)
	at ai.glog.execute.workers.TriageAndRemediationCallableWorker.getResolver(TriageAndRemediationCallableWorker.java:97)
	at ai.glog.execute.workers.TriageAndRemediationCallableWorker.call(TriageAndRemediationCallableWorker.java:62)
	at ai.glog.execute.workers.TriageAndRemediationCallableWorker.call(TriageAndRemediationCallableWorker.java:32)
	at java.base/java.util.concurrent.FutureTask.run(FutureTask.java:317)
	at java.base/java.util.concurrent.ThreadPoolExecutor.runWorker(ThreadPoolExecutor.java:1144)
	at java.base/java.util.concurrent.ThreadPoolExecutor$Worker.run(ThreadPoolExecutor.java:642)
	at java.base/java.lang.Thread.run(Thread.java:1623)

Dec 21, 2025 11:27:56 PM ai.glog.execute.workers.TriageAndRemediationCallableWorker call
SEVERE: No enum constant ai.glog.plugins.bandit.plugin.BugEnum.resources.rules.python.avoid_hardcoded_config_SECRET_KEY
java.lang.IllegalArgumentException: No enum constant ai.glog.plugins.bandit.plugin.BugEnum.resources.rules.python.avoid_hardcoded_config_SECRET_KEY
	at java.base/java.lang.Enum.valueOf(Enum.java:274)
	at ai.glog.plugins.bandit.plugin.BugEnum.valueOf(BugEnum.java:6)
	at ai.glog.execute.workers.TriageAndRemediationCallableWorker.getResolver(TriageAndRemediationCallableWorker.java:97)
	at ai.glog.execute.workers.TriageAndRemediationCallableWorker.call(TriageAndRemediationCallableWorker.java:62)
	at ai.glog.execute.workers.TriageAndRemediationCallableWorker.call(TriageAndRemediationCallableWorker.java:32)
	at java.base/java.util.concurrent.FutureTask.run(FutureTask.java:317)
	at java.base/java.util.concurrent.ThreadPoolExecutor.runWorker(ThreadPoolExecutor.java:1144)
	at java.base/java.util.concurrent.ThreadPoolExecutor$Worker.run(ThreadPoolExecutor.java:642)
	at java.base/java.lang.Thread.run(Thread.java:1623)

Dec 21, 2025 11:27:56 PM ai.glog.execute.workers.TriageAndRemediationCallableWorker call
SEVERE: No enum constant ai.glog.plugins.bandit.plugin.BugEnum.resources.rules.python.flask-app-route-handler
java.lang.IllegalArgumentException: No enum constant ai.glog.plugins.bandit.plugin.BugEnum.resources.rules.python.flask-app-route-handler
	at java.base/java.lang.Enum.valueOf(Enum.java:274)
	at ai.glog.plugins.bandit.plugin.BugEnum.valueOf(BugEnum.java:6)
	at ai.glog.execute.workers.TriageAndRemediationCallableWorker.getResolver(TriageAndRemediationCallableWorker.java:97)
	at ai.glog.execute.workers.TriageAndRemediationCallableWorker.call(TriageAndRemediationCallableWorker.java:62)
	at ai.glog.execute.workers.TriageAndRemediationCallableWorker.call(TriageAndRemediationCallableWorker.java:32)
	at java.base/java.util.concurrent.FutureTask.run(FutureTask.java:317)
	at java.base/java.util.concurrent.ThreadPoolExecutor.runWorker(ThreadPoolExecutor.java:1144)
	at java.base/java.util.concurrent.ThreadPoolExecutor$Worker.run(ThreadPoolExecutor.java:642)
	at java.base/java.lang.Thread.run(Thread.java:1623)

Dec 21, 2025 11:27:56 PM ai.glog.execute.workers.TriageAndRemediationCallableWorker call
SEVERE: No enum constant ai.glog.plugins.bandit.plugin.BugEnum.python.flask.security.audit.app-run-security-config.avoid_using_app_run_directly
java.lang.IllegalArgumentException: No enum constant ai.glog.plugins.bandit.plugin.BugEnum.python.flask.security.audit.app-run-security-config.avoid_using_app_run_directly
	at java.base/java.lang.Enum.valueOf(Enum.java:274)
	at ai.glog.plugins.bandit.plugin.BugEnum.valueOf(BugEnum.java:6)
	at ai.glog.execute.workers.TriageAndRemediationCallableWorker.getResolver(TriageAndRemediationCallableWorker.java:97)
	at ai.glog.execute.workers.TriageAndRemediationCallableWorker.call(TriageAndRemediationCallableWorker.java:62)
	at ai.glog.execute.workers.TriageAndRemediationCallableWorker.call(TriageAndRemediationCallableWorker.java:32)
	at java.base/java.util.concurrent.FutureTask.run(FutureTask.java:317)
	at java.base/java.util.concurrent.ThreadPoolExecutor.runWorker(ThreadPoolExecutor.java:1144)
	at java.base/java.util.concurrent.ThreadPoolExecutor$Worker.run(ThreadPoolExecutor.java:642)
	at java.base/java.lang.Thread.run(Thread.java:1623)

Dec 21, 2025 11:27:56 PM ai.glog.execute.workers.TriageAndRemediationCallableWorker call
SEVERE: No enum constant ai.glog.plugins.bandit.plugin.BugEnum.python.flask.security.audit.debug-enabled.debug-enabled
java.lang.IllegalArgumentException: No enum constant ai.glog.plugins.bandit.plugin.BugEnum.python.flask.security.audit.debug-enabled.debug-enabled
	at java.base/java.lang.Enum.valueOf(Enum.java:274)
	at ai.glog.plugins.bandit.plugin.BugEnum.valueOf(BugEnum.java:6)
	at ai.glog.execute.workers.TriageAndRemediationCallableWorker.getResolver(TriageAndRemediationCallableWorker.java:97)
	at ai.glog.execute.workers.TriageAndRemediationCallableWorker.call(TriageAndRemediationCallableWorker.java:62)
	at ai.glog.execute.workers.TriageAndRemediationCallableWorker.call(TriageAndRemediationCallableWorker.java:32)
	at java.base/java.util.concurrent.FutureTask.run(FutureTask.java:317)
	at java.base/java.util.concurrent.ThreadPoolExecutor.runWorker(ThreadPoolExecutor.java:1144)
	at java.base/java.util.concurrent.ThreadPoolExecutor$Worker.run(ThreadPoolExecutor.java:642)
	at java.base/java.lang.Thread.run(Thread.java:1623)

Dec 21, 2025 11:27:56 PM ai.glog.execute.workers.TriageAndRemediationCallableWorker call
SEVERE: No enum constant ai.glog.plugins.bandit.plugin.BugEnum.resources.rules.python.avoid_using_app_run_directly
java.lang.IllegalArgumentException: No enum constant ai.glog.plugins.bandit.plugin.BugEnum.resources.rules.python.avoid_using_app_run_directly
	at java.base/java.lang.Enum.valueOf(Enum.java:274)
	at ai.glog.plugins.bandit.plugin.BugEnum.valueOf(BugEnum.java:6)
	at ai.glog.execute.workers.TriageAndRemediationCallableWorker.getResolver(TriageAndRemediationCallableWorker.java:97)
	at ai.glog.execute.workers.TriageAndRemediationCallableWorker.call(TriageAndRemediationCallableWorker.java:62)
	at ai.glog.execute.workers.TriageAndRemediationCallableWorker.call(TriageAndRemediationCallableWorker.java:32)
	at java.base/java.util.concurrent.FutureTask.run(FutureTask.java:317)
	at java.base/java.util.concurrent.ThreadPoolExecutor.runWorker(ThreadPoolExecutor.java:1144)
	at java.base/java.util.concurrent.ThreadPoolExecutor$Worker.run(ThreadPoolExecutor.java:642)
	at java.base/java.lang.Thread.run(Thread.java:1623)

Dec 21, 2025 11:27:56 PM ai.glog.execute.workers.TriageAndRemediationCallableWorker call
SEVERE: No enum constant ai.glog.plugins.bandit.plugin.BugEnum.resources.rules.python.debug-enabled
java.lang.IllegalArgumentException: No enum constant ai.glog.plugins.bandit.plugin.BugEnum.resources.rules.python.debug-enabled
	at java.base/java.lang.Enum.valueOf(Enum.java:274)
	at ai.glog.plugins.bandit.plugin.BugEnum.valueOf(BugEnum.java:6)
	at ai.glog.execute.workers.TriageAndRemediationCallableWorker.getResolver(TriageAndRemediationCallableWorker.java:97)
	at ai.glog.execute.workers.TriageAndRemediationCallableWorker.call(TriageAndRemediationCallableWorker.java:62)
	at ai.glog.execute.workers.TriageAndRemediationCallableWorker.call(TriageAndRemediationCallableWorker.java:32)
	at java.base/java.util.concurrent.FutureTask.run(FutureTask.java:317)
	at java.base/java.util.concurrent.ThreadPoolExecutor.runWorker(ThreadPoolExecutor.java:1144)
	at java.base/java.util.concurrent.ThreadPoolExecutor$Worker.run(ThreadPoolExecutor.java:642)
	at java.base/java.lang.Thread.run(Thread.java:1623)

Dec 21, 2025 11:27:56 PM ai.glog.execute.workers.TriageAndRemediationCallableWorker call
SEVERE: No enum constant ai.glog.plugins.bandit.plugin.BugEnum.resources.rules.python.avoid_hardcoded_config_SECRET_KEY
java.lang.IllegalArgumentException: No enum constant ai.glog.plugins.bandit.plugin.BugEnum.resources.rules.python.avoid_hardcoded_config_SECRET_KEY
	at java.base/java.lang.Enum.valueOf(Enum.java:274)
	at ai.glog.plugins.bandit.plugin.BugEnum.valueOf(BugEnum.java:6)
	at ai.glog.execute.workers.TriageAndRemediationCallableWorker.getResolver(TriageAndRemediationCallableWorker.java:97)
	at ai.glog.execute.workers.TriageAndRemediationCallableWorker.call(TriageAndRemediationCallableWorker.java:62)
	at ai.glog.execute.workers.TriageAndRemediationCallableWorker.call(TriageAndRemediationCallableWorker.java:32)
	at java.base/java.util.concurrent.FutureTask.run(FutureTask.java:317)
	at java.base/java.util.concurrent.ThreadPoolExecutor.runWorker(ThreadPoolExecutor.java:1144)
	at java.base/java.util.concurrent.ThreadPoolExecutor$Worker.run(ThreadPoolExecutor.java:642)
	at java.base/java.lang.Thread.run(Thread.java:1623)

Dec 21, 2025 11:27:56 PM ai.glog.execute.workers.TriageAndRemediationCallableWorker call
SEVERE: No enum constant ai.glog.plugins.bandit.plugin.BugEnum.python.flask.security.audit.hardcoded-config.avoid_hardcoded_config_SECRET_KEY
java.lang.IllegalArgumentException: No enum constant ai.glog.plugins.bandit.plugin.BugEnum.python.flask.security.audit.hardcoded-config.avoid_hardcoded_config_SECRET_KEY
	at java.base/java.lang.Enum.valueOf(Enum.java:274)
	at ai.glog.plugins.bandit.plugin.BugEnum.valueOf(BugEnum.java:6)
	at ai.glog.execute.workers.TriageAndRemediationCallableWorker.getResolver(TriageAndRemediationCallableWorker.java:97)
	at ai.glog.execute.workers.TriageAndRemediationCallableWorker.call(TriageAndRemediationCallableWorker.java:62)
	at ai.glog.execute.workers.TriageAndRemediationCallableWorker.call(TriageAndRemediationCallableWorker.java:32)
	at java.base/java.util.concurrent.FutureTask.run(FutureTask.java:317)
	at java.base/java.util.concurrent.ThreadPoolExecutor.runWorker(ThreadPoolExecutor.java:1144)
	at java.base/java.util.concurrent.ThreadPoolExecutor$Worker.run(ThreadPoolExecutor.java:642)
	at java.base/java.lang.Thread.run(Thread.java:1623)

Dec 21, 2025 11:27:56 PM ai.glog.execute.workers.TriageAndRemediationCallableWorker call
SEVERE: No enum constant ai.glog.plugins.bandit.plugin.BugEnum.resources.rules.python.flask-app-route-handler
java.lang.IllegalArgumentException: No enum constant ai.glog.plugins.bandit.plugin.BugEnum.resources.rules.python.flask-app-route-handler
	at java.base/java.lang.Enum.valueOf(Enum.java:274)
	at ai.glog.plugins.bandit.plugin.BugEnum.valueOf(BugEnum.java:6)
	at ai.glog.execute.workers.TriageAndRemediationCallableWorker.getResolver(TriageAndRemediationCallableWorker.java:97)
	at ai.glog.execute.workers.TriageAndRemediationCallableWorker.call(TriageAndRemediationCallableWorker.java:62)
	at ai.glog.execute.workers.TriageAndRemediationCallableWorker.call(TriageAndRemediationCallableWorker.java:32)
	at java.base/java.util.concurrent.FutureTask.run(FutureTask.java:317)
	at java.base/java.util.concurrent.ThreadPoolExecutor.runWorker(ThreadPoolExecutor.java:1144)
	at java.base/java.util.concurrent.ThreadPoolExecutor$Worker.run(ThreadPoolExecutor.java:642)
	at java.base/java.lang.Thread.run(Thread.java:1623)

Dec 21, 2025 11:27:56 PM ai.glog.execute.workers.TriageAndRemediationCallableWorker call
SEVERE: No enum constant ai.glog.plugins.bandit.plugin.BugEnum.python.flask.security.audit.app-run-security-config.avoid_using_app_run_directly
java.lang.IllegalArgumentException: No enum constant ai.glog.plugins.bandit.plugin.BugEnum.python.flask.security.audit.app-run-security-config.avoid_using_app_run_directly
	at java.base/java.lang.Enum.valueOf(Enum.java:274)
	at ai.glog.plugins.bandit.plugin.BugEnum.valueOf(BugEnum.java:6)
	at ai.glog.execute.workers.TriageAndRemediationCallableWorker.getResolver(TriageAndRemediationCallableWorker.java:97)
	at ai.glog.execute.workers.TriageAndRemediationCallableWorker.call(TriageAndRemediationCallableWorker.java:62)
	at ai.glog.execute.workers.TriageAndRemediationCallableWorker.call(TriageAndRemediationCallableWorker.java:32)
	at java.base/java.util.concurrent.FutureTask.run(FutureTask.java:317)
	at java.base/java.util.concurrent.ThreadPoolExecutor.runWorker(ThreadPoolExecutor.java:1144)
	at java.base/java.util.concurrent.ThreadPoolExecutor$Worker.run(ThreadPoolExecutor.java:642)
	at java.base/java.lang.Thread.run(Thread.java:1623)

Dec 21, 2025 11:27:56 PM ai.glog.execute.workers.TriageAndRemediationCallableWorker call
SEVERE: No enum constant ai.glog.plugins.bandit.plugin.BugEnum.python.flask.security.audit.debug-enabled.debug-enabled
java.lang.IllegalArgumentException: No enum constant ai.glog.plugins.bandit.plugin.BugEnum.python.flask.security.audit.debug-enabled.debug-enabled
	at java.base/java.lang.Enum.valueOf(Enum.java:274)
	at ai.glog.plugins.bandit.plugin.BugEnum.valueOf(BugEnum.java:6)
	at ai.glog.execute.workers.TriageAndRemediationCallableWorker.getResolver(TriageAndRemediationCallableWorker.java:97)
	at ai.glog.execute.workers.TriageAndRemediationCallableWorker.call(TriageAndRemediationCallableWorker.java:62)
	at ai.glog.execute.workers.TriageAndRemediationCallableWorker.call(TriageAndRemediationCallableWorker.java:32)
	at java.base/java.util.concurrent.FutureTask.run(FutureTask.java:317)
	at java.base/java.util.concurrent.ThreadPoolExecutor.runWorker(ThreadPoolExecutor.java:1144)
	at java.base/java.util.concurrent.ThreadPoolExecutor$Worker.run(ThreadPoolExecutor.java:642)
	at java.base/java.lang.Thread.run(Thread.java:1623)

Dec 21, 2025 11:27:56 PM ai.glog.execute.workers.TriageAndRemediationCallableWorker call
SEVERE: No enum constant ai.glog.plugins.bandit.plugin.BugEnum.resources.rules.python.avoid_using_app_run_directly
java.lang.IllegalArgumentException: No enum constant ai.glog.plugins.bandit.plugin.BugEnum.resources.rules.python.avoid_using_app_run_directly
	at java.base/java.lang.Enum.valueOf(Enum.java:274)
	at ai.glog.plugins.bandit.plugin.BugEnum.valueOf(BugEnum.java:6)
	at ai.glog.execute.workers.TriageAndRemediationCallableWorker.getResolver(TriageAndRemediationCallableWorker.java:97)
	at ai.glog.execute.workers.TriageAndRemediationCallableWorker.call(TriageAndRemediationCallableWorker.java:62)
	at ai.glog.execute.workers.TriageAndRemediationCallableWorker.call(TriageAndRemediationCallableWorker.java:32)
	at java.base/java.util.concurrent.FutureTask.run(FutureTask.java:317)
	at java.base/java.util.concurrent.ThreadPoolExecutor.runWorker(ThreadPoolExecutor.java:1144)
	at java.base/java.util.concurrent.ThreadPoolExecutor$Worker.run(ThreadPoolExecutor.java:642)
	at java.base/java.lang.Thread.run(Thread.java:1623)

Dec 21, 2025 11:27:56 PM ai.glog.execute.workers.TriageAndRemediationCallableWorker call
SEVERE: No enum constant ai.glog.plugins.bandit.plugin.BugEnum.resources.rules.python.debug-enabled
java.lang.IllegalArgumentException: No enum constant ai.glog.plugins.bandit.plugin.BugEnum.resources.rules.python.debug-enabled
	at java.base/java.lang.Enum.valueOf(Enum.java:274)
	at ai.glog.plugins.bandit.plugin.BugEnum.valueOf(BugEnum.java:6)
	at ai.glog.execute.workers.TriageAndRemediationCallableWorker.getResolver(TriageAndRemediationCallableWorker.java:97)
	at ai.glog.execute.workers.TriageAndRemediationCallableWorker.call(TriageAndRemediationCallableWorker.java:62)
	at ai.glog.execute.workers.TriageAndRemediationCallableWorker.call(TriageAndRemediationCallableWorker.java:32)
	at java.base/java.util.concurrent.FutureTask.run(FutureTask.java:317)
	at java.base/java.util.concurrent.ThreadPoolExecutor.runWorker(ThreadPoolExecutor.java:1144)
	at java.base/java.util.concurrent.ThreadPoolExecutor$Worker.run(ThreadPoolExecutor.java:642)
	at java.base/java.lang.Thread.run(Thread.java:1623)

Dec 21, 2025 11:27:56 PM ai.glog.execute.workers.TriageAndRemediationCallableWorker call
SEVERE: No enum constant ai.glog.plugins.bandit.plugin.BugEnum.resources.rules.python.hardcoded-tmp-path
java.lang.IllegalArgumentException: No enum constant ai.glog.plugins.bandit.plugin.BugEnum.resources.rules.python.hardcoded-tmp-path
	at java.base/java.lang.Enum.valueOf(Enum.java:274)
	at ai.glog.plugins.bandit.plugin.BugEnum.valueOf(BugEnum.java:6)
	at ai.glog.execute.workers.TriageAndRemediationCallableWorker.getResolver(TriageAndRemediationCallableWorker.java:97)
	at ai.glog.execute.workers.TriageAndRemediationCallableWorker.call(TriageAndRemediationCallableWorker.java:62)
	at ai.glog.execute.workers.TriageAndRemediationCallableWorker.call(TriageAndRemediationCallableWorker.java:32)
	at java.base/java.util.concurrent.FutureTask.run(FutureTask.java:317)
	at java.base/java.util.concurrent.ThreadPoolExecutor.runWorker(ThreadPoolExecutor.java:1144)
	at java.base/java.util.concurrent.ThreadPoolExecutor$Worker.run(ThreadPoolExecutor.java:642)
	at java.base/java.lang.Thread.run(Thread.java:1623)

Dec 21, 2025 11:27:56 PM ai.glog.execute.workers.TriageAndRemediationCallableWorker call
SEVERE: No enum constant ai.glog.plugins.bandit.plugin.BugEnum.resources.rules.python.hardcoded-tmp-path
java.lang.IllegalArgumentException: No enum constant ai.glog.plugins.bandit.plugin.BugEnum.resources.rules.python.hardcoded-tmp-path
	at java.base/java.lang.Enum.valueOf(Enum.java:274)
	at ai.glog.plugins.bandit.plugin.BugEnum.valueOf(BugEnum.java:6)
	at ai.glog.execute.workers.TriageAndRemediationCallableWorker.getResolver(TriageAndRemediationCallableWorker.java:97)
	at ai.glog.execute.workers.TriageAndRemediationCallableWorker.call(TriageAndRemediationCallableWorker.java:62)
	at ai.glog.execute.workers.TriageAndRemediationCallableWorker.call(TriageAndRemediationCallableWorker.java:32)
	at java.base/java.util.concurrent.FutureTask.run(FutureTask.java:317)
	at java.base/java.util.concurrent.ThreadPoolExecutor.runWorker(ThreadPoolExecutor.java:1144)
	at java.base/java.util.concurrent.ThreadPoolExecutor$Worker.run(ThreadPoolExecutor.java:642)
	at java.base/java.lang.Thread.run(Thread.java:1623)

Dec 21, 2025 11:27:56 PM ai.glog.execute.workers.TriageAndRemediationCallableWorker call
SEVERE: No enum constant ai.glog.plugins.bandit.plugin.BugEnum.resources.rules.python.hardcoded-tmp-path
java.lang.IllegalArgumentException: No enum constant ai.glog.plugins.bandit.plugin.BugEnum.resources.rules.python.hardcoded-tmp-path
	at java.base/java.lang.Enum.valueOf(Enum.java:274)
	at ai.glog.plugins.bandit.plugin.BugEnum.valueOf(BugEnum.java:6)
	at ai.glog.execute.workers.TriageAndRemediationCallableWorker.getResolver(TriageAndRemediationCallableWorker.java:97)
	at ai.glog.execute.workers.TriageAndRemediationCallableWorker.call(TriageAndRemediationCallableWorker.java:62)
	at ai.glog.execute.workers.TriageAndRemediationCallableWorker.call(TriageAndRemediationCallableWorker.java:32)
	at java.base/java.util.concurrent.FutureTask.run(FutureTask.java:317)
	at java.base/java.util.concurrent.ThreadPoolExecutor.runWorker(ThreadPoolExecutor.java:1144)
	at java.base/java.util.concurrent.ThreadPoolExecutor$Worker.run(ThreadPoolExecutor.java:642)
	at java.base/java.lang.Thread.run(Thread.java:1623)

Dec 21, 2025 11:27:56 PM ai.glog.execute.workers.TriageAndRemediationCallableWorker call
SEVERE: No enum constant ai.glog.plugins.bandit.plugin.BugEnum.resources.rules.python.hardcoded-tmp-path
java.lang.IllegalArgumentException: No enum constant ai.glog.plugins.bandit.plugin.BugEnum.resources.rules.python.hardcoded-tmp-path
	at java.base/java.lang.Enum.valueOf(Enum.java:274)
	at ai.glog.plugins.bandit.plugin.BugEnum.valueOf(BugEnum.java:6)
	at ai.glog.execute.workers.TriageAndRemediationCallableWorker.getResolver(TriageAndRemediationCallableWorker.java:97)
	at ai.glog.execute.workers.TriageAndRemediationCallableWorker.call(TriageAndRemediationCallableWorker.java:62)
	at ai.glog.execute.workers.TriageAndRemediationCallableWorker.call(TriageAndRemediationCallableWorker.java:32)
	at java.base/java.util.concurrent.FutureTask.run(FutureTask.java:317)
	at java.base/java.util.concurrent.ThreadPoolExecutor.runWorker(ThreadPoolExecutor.java:1144)
	at java.base/java.util.concurrent.ThreadPoolExecutor$Worker.run(ThreadPoolExecutor.java:642)
	at java.base/java.lang.Thread.run(Thread.java:1623)

Dec 21, 2025 11:27:56 PM ai.glog.execute.workers.TriageAndRemediationCallableWorker call
SEVERE: No enum constant ai.glog.plugins.bandit.plugin.BugEnum.resources.rules.python.hardcoded-tmp-path
java.lang.IllegalArgumentException: No enum constant ai.glog.plugins.bandit.plugin.BugEnum.resources.rules.python.hardcoded-tmp-path
	at java.base/java.lang.Enum.valueOf(Enum.java:274)
	at ai.glog.plugins.bandit.plugin.BugEnum.valueOf(BugEnum.java:6)
	at ai.glog.execute.workers.TriageAndRemediationCallableWorker.getResolver(TriageAndRemediationCallableWorker.java:97)
	at ai.glog.execute.workers.TriageAndRemediationCallableWorker.call(TriageAndRemediationCallableWorker.java:62)
	at ai.glog.execute.workers.TriageAndRemediationCallableWorker.call(TriageAndRemediationCallableWorker.java:32)
	at java.base/java.util.concurrent.FutureTask.run(FutureTask.java:317)
	at java.base/java.util.concurrent.ThreadPoolExecutor.runWorker(ThreadPoolExecutor.java:1144)
	at java.base/java.util.concurrent.ThreadPoolExecutor$Worker.run(ThreadPoolExecutor.java:642)
	at java.base/java.lang.Thread.run(Thread.java:1623)

Dec 21, 2025 11:27:56 PM ai.glog.execute.workers.TriageAndRemediationCallableWorker call
SEVERE: No enum constant ai.glog.plugins.bandit.plugin.BugEnum.resources.rules.python.hardcoded-tmp-path
java.lang.IllegalArgumentException: No enum constant ai.glog.plugins.bandit.plugin.BugEnum.resources.rules.python.hardcoded-tmp-path
	at java.base/java.lang.Enum.valueOf(Enum.java:274)
	at ai.glog.plugins.bandit.plugin.BugEnum.valueOf(BugEnum.java:6)
	at ai.glog.execute.workers.TriageAndRemediationCallableWorker.getResolver(TriageAndRemediationCallableWorker.java:97)
	at ai.glog.execute.workers.TriageAndRemediationCallableWorker.call(TriageAndRemediationCallableWorker.java:62)
	at ai.glog.execute.workers.TriageAndRemediationCallableWorker.call(TriageAndRemediationCallableWorker.java:32)
	at java.base/java.util.concurrent.FutureTask.run(FutureTask.java:317)
	at java.base/java.util.concurrent.ThreadPoolExecutor.runWorker(ThreadPoolExecutor.java:1144)
	at java.base/java.util.concurrent.ThreadPoolExecutor$Worker.run(ThreadPoolExecutor.java:642)
	at java.base/java.lang.Thread.run(Thread.java:1623)

Dec 21, 2025 11:27:56 PM ai.glog.execute.workers.TriageAndRemediationCallableWorker call
SEVERE: No enum constant ai.glog.plugins.bandit.plugin.BugEnum.resources.rules.python.hardcoded-tmp-path
java.lang.IllegalArgumentException: No enum constant ai.glog.plugins.bandit.plugin.BugEnum.resources.rules.python.hardcoded-tmp-path
	at java.base/java.lang.Enum.valueOf(Enum.java:274)
	at ai.glog.plugins.bandit.plugin.BugEnum.valueOf(BugEnum.java:6)
	at ai.glog.execute.workers.TriageAndRemediationCallableWorker.getResolver(TriageAndRemediationCallableWorker.java:97)
	at ai.glog.execute.workers.TriageAndRemediationCallableWorker.call(TriageAndRemediationCallableWorker.java:62)
	at ai.glog.execute.workers.TriageAndRemediationCallableWorker.call(TriageAndRemediationCallableWorker.java:32)
	at java.base/java.util.concurrent.FutureTask.run(FutureTask.java:317)
	at java.base/java.util.concurrent.ThreadPoolExecutor.runWorker(ThreadPoolExecutor.java:1144)
	at java.base/java.util.concurrent.ThreadPoolExecutor$Worker.run(ThreadPoolExecutor.java:642)
	at java.base/java.lang.Thread.run(Thread.java:1623)

Dec 21, 2025 11:27:56 PM ai.glog.execute.workers.TriageAndRemediationCallableWorker call
SEVERE: No enum constant ai.glog.plugins.bandit.plugin.BugEnum.resources.rules.python.hardcoded-tmp-path
java.lang.IllegalArgumentException: No enum constant ai.glog.plugins.bandit.plugin.BugEnum.resources.rules.python.hardcoded-tmp-path
	at java.base/java.lang.Enum.valueOf(Enum.java:274)
	at ai.glog.plugins.bandit.plugin.BugEnum.valueOf(BugEnum.java:6)
	at ai.glog.execute.workers.TriageAndRemediationCallableWorker.getResolver(TriageAndRemediationCallableWorker.java:97)
	at ai.glog.execute.workers.TriageAndRemediationCallableWorker.call(TriageAndRemediationCallableWorker.java:62)
	at ai.glog.execute.workers.TriageAndRemediationCallableWorker.call(TriageAndRemediationCallableWorker.java:32)
	at java.base/java.util.concurrent.FutureTask.run(FutureTask.java:317)
	at java.base/java.util.concurrent.ThreadPoolExecutor.runWorker(ThreadPoolExecutor.java:1144)
	at java.base/java.util.concurrent.ThreadPoolExecutor$Worker.run(ThreadPoolExecutor.java:642)
	at java.base/java.lang.Thread.run(Thread.java:1623)

Dec 21, 2025 11:27:56 PM ai.glog.execute.workers.TriageAndRemediationCallableWorker call
SEVERE: No enum constant ai.glog.plugins.bandit.plugin.BugEnum.resources.rules.python.hardcoded-tmp-path
java.lang.IllegalArgumentException: No enum constant ai.glog.plugins.bandit.plugin.BugEnum.resources.rules.python.hardcoded-tmp-path
	at java.base/java.lang.Enum.valueOf(Enum.java:274)
	at ai.glog.plugins.bandit.plugin.BugEnum.valueOf(BugEnum.java:6)
	at ai.glog.execute.workers.TriageAndRemediationCallableWorker.getResolver(TriageAndRemediationCallableWorker.java:97)
	at ai.glog.execute.workers.TriageAndRemediationCallableWorker.call(TriageAndRemediationCallableWorker.java:62)
	at ai.glog.execute.workers.TriageAndRemediationCallableWorker.call(TriageAndRemediationCallableWorker.java:32)
	at java.base/java.util.concurrent.FutureTask.run(FutureTask.java:317)
	at java.base/java.util.concurrent.ThreadPoolExecutor.runWorker(ThreadPoolExecutor.java:1144)
	at java.base/java.util.concurrent.ThreadPoolExecutor$Worker.run(ThreadPoolExecutor.java:642)
	at java.base/java.lang.Thread.run(Thread.java:1623)

Dec 21, 2025 11:27:56 PM ai.glog.execute.workers.TriageAndRemediationCallableWorker call
SEVERE: No enum constant ai.glog.plugins.bandit.plugin.BugEnum.resources.rules.python.use-raise-for-status
java.lang.IllegalArgumentException: No enum constant ai.glog.plugins.bandit.plugin.BugEnum.resources.rules.python.use-raise-for-status
	at java.base/java.lang.Enum.valueOf(Enum.java:274)
	at ai.glog.plugins.bandit.plugin.BugEnum.valueOf(BugEnum.java:6)
	at ai.glog.execute.workers.TriageAndRemediationCallableWorker.getResolver(TriageAndRemediationCallableWorker.java:97)
	at ai.glog.execute.workers.TriageAndRemediationCallableWorker.call(TriageAndRemediationCallableWorker.java:62)
	at ai.glog.execute.workers.TriageAndRemediationCallableWorker.call(TriageAndRemediationCallableWorker.java:32)
	at java.base/java.util.concurrent.FutureTask.run(FutureTask.java:317)
	at java.base/java.util.concurrent.ThreadPoolExecutor.runWorker(ThreadPoolExecutor.java:1144)
	at java.base/java.util.concurrent.ThreadPoolExecutor$Worker.run(ThreadPoolExecutor.java:642)
	at java.base/java.lang.Thread.run(Thread.java:1623)

Dec 21, 2025 11:27:56 PM ai.glog.execute.workers.TriageAndRemediationCallableWorker call
SEVERE: No enum constant ai.glog.plugins.bandit.plugin.BugEnum.resources.rules.python.use-timeout
java.lang.IllegalArgumentException: No enum constant ai.glog.plugins.bandit.plugin.BugEnum.resources.rules.python.use-timeout
	at java.base/java.lang.Enum.valueOf(Enum.java:274)
	at ai.glog.plugins.bandit.plugin.BugEnum.valueOf(BugEnum.java:6)
	at ai.glog.execute.workers.TriageAndRemediationCallableWorker.getResolver(TriageAndRemediationCallableWorker.java:97)
	at ai.glog.execute.workers.TriageAndRemediationCallableWorker.call(TriageAndRemediationCallableWorker.java:62)
	at ai.glog.execute.workers.TriageAndRemediationCallableWorker.call(TriageAndRemediationCallableWorker.java:32)
	at java.base/java.util.concurrent.FutureTask.run(FutureTask.java:317)
	at java.base/java.util.concurrent.ThreadPoolExecutor.runWorker(ThreadPoolExecutor.java:1144)
	at java.base/java.util.concurrent.ThreadPoolExecutor$Worker.run(ThreadPoolExecutor.java:642)
	at java.base/java.lang.Thread.run(Thread.java:1623)

Dec 21, 2025 11:27:56 PM ai.glog.execute.workers.TriageAndRemediationCallableWorker call
SEVERE: No enum constant ai.glog.plugins.bandit.plugin.BugEnum.resources.rules.python.use-raise-for-status
java.lang.IllegalArgumentException: No enum constant ai.glog.plugins.bandit.plugin.BugEnum.resources.rules.python.use-raise-for-status
	at java.base/java.lang.Enum.valueOf(Enum.java:274)
	at ai.glog.plugins.bandit.plugin.BugEnum.valueOf(BugEnum.java:6)
	at ai.glog.execute.workers.TriageAndRemediationCallableWorker.getResolver(TriageAndRemediationCallableWorker.java:97)
	at ai.glog.execute.workers.TriageAndRemediationCallableWorker.call(TriageAndRemediationCallableWorker.java:62)
	at ai.glog.execute.workers.TriageAndRemediationCallableWorker.call(TriageAndRemediationCallableWorker.java:32)
	at java.base/java.util.concurrent.FutureTask.run(FutureTask.java:317)
	at java.base/java.util.concurrent.ThreadPoolExecutor.runWorker(ThreadPoolExecutor.java:1144)
	at java.base/java.util.concurrent.ThreadPoolExecutor$Worker.run(ThreadPoolExecutor.java:642)
	at java.base/java.lang.Thread.run(Thread.java:1623)

Dec 21, 2025 11:27:56 PM ai.glog.execute.workers.TriageAndRemediationCallableWorker call
SEVERE: No enum constant ai.glog.plugins.bandit.plugin.BugEnum.resources.rules.python.use-timeout
java.lang.IllegalArgumentException: No enum constant ai.glog.plugins.bandit.plugin.BugEnum.resources.rules.python.use-timeout
	at java.base/java.lang.Enum.valueOf(Enum.java:274)
	at ai.glog.plugins.bandit.plugin.BugEnum.valueOf(BugEnum.java:6)
	at ai.glog.execute.workers.TriageAndRemediationCallableWorker.getResolver(TriageAndRemediationCallableWorker.java:97)
	at ai.glog.execute.workers.TriageAndRemediationCallableWorker.call(TriageAndRemediationCallableWorker.java:62)
	at ai.glog.execute.workers.TriageAndRemediationCallableWorker.call(TriageAndRemediationCallableWorker.java:32)
	at java.base/java.util.concurrent.FutureTask.run(FutureTask.java:317)
	at java.base/java.util.concurrent.ThreadPoolExecutor.runWorker(ThreadPoolExecutor.java:1144)
	at java.base/java.util.concurrent.ThreadPoolExecutor$Worker.run(ThreadPoolExecutor.java:642)
	at java.base/java.lang.Thread.run(Thread.java:1623)

Dec 21, 2025 11:27:56 PM ai.glog.execute.workers.TriageAndRemediationCallableWorker call
SEVERE: No enum constant ai.glog.plugins.bandit.plugin.BugEnum.resources.rules.python.hardcoded-tmp-path
java.lang.IllegalArgumentException: No enum constant ai.glog.plugins.bandit.plugin.BugEnum.resources.rules.python.hardcoded-tmp-path
	at java.base/java.lang.Enum.valueOf(Enum.java:274)
	at ai.glog.plugins.bandit.plugin.BugEnum.valueOf(BugEnum.java:6)
	at ai.glog.execute.workers.TriageAndRemediationCallableWorker.getResolver(TriageAndRemediationCallableWorker.java:97)
	at ai.glog.execute.workers.TriageAndRemediationCallableWorker.call(TriageAndRemediationCallableWorker.java:62)
	at ai.glog.execute.workers.TriageAndRemediationCallableWorker.call(TriageAndRemediationCallableWorker.java:32)
	at java.base/java.util.concurrent.FutureTask.run(FutureTask.java:317)
	at java.base/java.util.concurrent.ThreadPoolExecutor.runWorker(ThreadPoolExecutor.java:1144)
	at java.base/java.util.concurrent.ThreadPoolExecutor$Worker.run(ThreadPoolExecutor.java:642)
	at java.base/java.lang.Thread.run(Thread.java:1623)

Dec 21, 2025 11:27:56 PM ai.glog.execute.workers.TriageAndRemediationCallableWorker call
SEVERE: No enum constant ai.glog.plugins.bandit.plugin.BugEnum.resources.rules.python.hardcoded-tmp-path
java.lang.IllegalArgumentException: No enum constant ai.glog.plugins.bandit.plugin.BugEnum.resources.rules.python.hardcoded-tmp-path
	at java.base/java.lang.Enum.valueOf(Enum.java:274)
	at ai.glog.plugins.bandit.plugin.BugEnum.valueOf(BugEnum.java:6)
	at ai.glog.execute.workers.TriageAndRemediationCallableWorker.getResolver(TriageAndRemediationCallableWorker.java:97)
	at ai.glog.execute.workers.TriageAndRemediationCallableWorker.call(TriageAndRemediationCallableWorker.java:62)
	at ai.glog.execute.workers.TriageAndRemediationCallableWorker.call(TriageAndRemediationCallableWorker.java:32)
	at java.base/java.util.concurrent.FutureTask.run(FutureTask.java:317)
	at java.base/java.util.concurrent.ThreadPoolExecutor.runWorker(ThreadPoolExecutor.java:1144)
	at java.base/java.util.concurrent.ThreadPoolExecutor$Worker.run(ThreadPoolExecutor.java:642)
	at java.base/java.lang.Thread.run(Thread.java:1623)

Dec 21, 2025 11:27:56 PM ai.glog.execute.workers.TriageAndRemediationCallableWorker call
SEVERE: No enum constant ai.glog.plugins.bandit.plugin.BugEnum.resources.rules.python.hardcoded-tmp-path
java.lang.IllegalArgumentException: No enum constant ai.glog.plugins.bandit.plugin.BugEnum.resources.rules.python.hardcoded-tmp-path
	at java.base/java.lang.Enum.valueOf(Enum.java:274)
	at ai.glog.plugins.bandit.plugin.BugEnum.valueOf(BugEnum.java:6)
	at ai.glog.execute.workers.TriageAndRemediationCallableWorker.getResolver(TriageAndRemediationCallableWorker.java:97)
	at ai.glog.execute.workers.TriageAndRemediationCallableWorker.call(TriageAndRemediationCallableWorker.java:62)
	at ai.glog.execute.workers.TriageAndRemediationCallableWorker.call(TriageAndRemediationCallableWorker.java:32)
	at java.base/java.util.concurrent.FutureTask.run(FutureTask.java:317)
	at java.base/java.util.concurrent.ThreadPoolExecutor.runWorker(ThreadPoolExecutor.java:1144)
	at java.base/java.util.concurrent.ThreadPoolExecutor$Worker.run(ThreadPoolExecutor.java:642)
	at java.base/java.lang.Thread.run(Thread.java:1623)

Dec 21, 2025 11:27:56 PM ai.glog.execute.workers.TriageAndRemediationCallableWorker call
SEVERE: No enum constant ai.glog.plugins.bandit.plugin.BugEnum.resources.rules.python.hardcoded-tmp-path
java.lang.IllegalArgumentException: No enum constant ai.glog.plugins.bandit.plugin.BugEnum.resources.rules.python.hardcoded-tmp-path
	at java.base/java.lang.Enum.valueOf(Enum.java:274)
	at ai.glog.plugins.bandit.plugin.BugEnum.valueOf(BugEnum.java:6)
	at ai.glog.execute.workers.TriageAndRemediationCallableWorker.getResolver(TriageAndRemediationCallableWorker.java:97)
	at ai.glog.execute.workers.TriageAndRemediationCallableWorker.call(TriageAndRemediationCallableWorker.java:62)
	at ai.glog.execute.workers.TriageAndRemediationCallableWorker.call(TriageAndRemediationCallableWorker.java:32)
	at java.base/java.util.concurrent.FutureTask.run(FutureTask.java:317)
	at java.base/java.util.concurrent.ThreadPoolExecutor.runWorker(ThreadPoolExecutor.java:1144)
	at java.base/java.util.concurrent.ThreadPoolExecutor$Worker.run(ThreadPoolExecutor.java:642)
	at java.base/java.lang.Thread.run(Thread.java:1623)

Dec 21, 2025 11:27:56 PM ai.glog.execute.workers.TriageAndRemediationCallableWorker call
SEVERE: No enum constant ai.glog.plugins.bandit.plugin.BugEnum.resources.rules.python.hardcoded-tmp-path
java.lang.IllegalArgumentException: No enum constant ai.glog.plugins.bandit.plugin.BugEnum.resources.rules.python.hardcoded-tmp-path
	at java.base/java.lang.Enum.valueOf(Enum.java:274)
	at ai.glog.plugins.bandit.plugin.BugEnum.valueOf(BugEnum.java:6)
	at ai.glog.execute.workers.TriageAndRemediationCallableWorker.getResolver(TriageAndRemediationCallableWorker.java:97)
	at ai.glog.execute.workers.TriageAndRemediationCallableWorker.call(TriageAndRemediationCallableWorker.java:62)
	at ai.glog.execute.workers.TriageAndRemediationCallableWorker.call(TriageAndRemediationCallableWorker.java:32)
	at java.base/java.util.concurrent.FutureTask.run(FutureTask.java:317)
	at java.base/java.util.concurrent.ThreadPoolExecutor.runWorker(ThreadPoolExecutor.java:1144)
	at java.base/java.util.concurrent.ThreadPoolExecutor$Worker.run(ThreadPoolExecutor.java:642)
	at java.base/java.lang.Thread.run(Thread.java:1623)

Dec 21, 2025 11:27:56 PM ai.glog.execute.workers.TriageAndRemediationCallableWorker call
SEVERE: No enum constant ai.glog.plugins.bandit.plugin.BugEnum.resources.rules.python.hardcoded-tmp-path
java.lang.IllegalArgumentException: No enum constant ai.glog.plugins.bandit.plugin.BugEnum.resources.rules.python.hardcoded-tmp-path
	at java.base/java.lang.Enum.valueOf(Enum.java:274)
	at ai.glog.plugins.bandit.plugin.BugEnum.valueOf(BugEnum.java:6)
	at ai.glog.execute.workers.TriageAndRemediationCallableWorker.getResolver(TriageAndRemediationCallableWorker.java:97)
	at ai.glog.execute.workers.TriageAndRemediationCallableWorker.call(TriageAndRemediationCallableWorker.java:62)
	at ai.glog.execute.workers.TriageAndRemediationCallableWorker.call(TriageAndRemediationCallableWorker.java:32)
	at java.base/java.util.concurrent.FutureTask.run(FutureTask.java:317)
	at java.base/java.util.concurrent.ThreadPoolExecutor.runWorker(ThreadPoolExecutor.java:1144)
	at java.base/java.util.concurrent.ThreadPoolExecutor$Worker.run(ThreadPoolExecutor.java:642)
	at java.base/java.lang.Thread.run(Thread.java:1623)

Dec 21, 2025 11:27:57 PM ai.glog.service.GlogService getFromGlog
SEVERE: java.lang.IllegalStateException: Expected BEGIN_ARRAY but was BEGIN_OBJECT at line 1 column 2 path $
{"detail":"Invalid token."}
com.google.gson.JsonSyntaxException: java.lang.IllegalStateException: Expected BEGIN_ARRAY but was BEGIN_OBJECT at line 1 column 2 path $
	at com.google.gson.Gson.fromJson(Gson.java:1003)
	at com.google.gson.Gson.fromJson(Gson.java:956)
	at com.google.gson.Gson.fromJson(Gson.java:905)
	at ai.glog.service.GlogService.getFromGlog(GlogService.java:174)
	at ai.glog.execute.workers.TriageAndRemediationCallableWorker.setGeneralRemediation(TriageAndRemediationCallableWorker.java:208)
	at ai.glog.execute.workers.TriageAndRemediationCallableWorker.call(TriageAndRemediationCallableWorker.java:74)
	at ai.glog.execute.workers.TriageAndRemediationCallableWorker.call(TriageAndRemediationCallableWorker.java:32)
	at java.base/java.util.concurrent.FutureTask.run(FutureTask.java:317)
	at java.base/java.util.concurrent.ThreadPoolExecutor.runWorker(ThreadPoolExecutor.java:1144)
	at java.base/java.util.concurrent.ThreadPoolExecutor$Worker.run(ThreadPoolExecutor.java:642)
	at java.base/java.lang.Thread.run(Thread.java:1623)
Caused by: java.lang.IllegalStateException: Expected BEGIN_ARRAY but was BEGIN_OBJECT at line 1 column 2 path $
	at com.google.gson.stream.JsonReader.beginArray(JsonReader.java:350)
	at com.google.gson.internal.bind.ArrayTypeAdapter.read(ArrayTypeAdapter.java:70)
	at com.google.gson.Gson.fromJson(Gson.java:991)
	... 10 more

Dec 21, 2025 11:27:57 PM ai.glog.service.GlogService getFromGlog
SEVERE: java.lang.IllegalStateException: Expected BEGIN_ARRAY but was BEGIN_OBJECT at line 1 column 2 path $
{"detail":"Invalid token."}
com.google.gson.JsonSyntaxException: java.lang.IllegalStateException: Expected BEGIN_ARRAY but was BEGIN_OBJECT at line 1 column 2 path $
	at com.google.gson.Gson.fromJson(Gson.java:1003)
	at com.google.gson.Gson.fromJson(Gson.java:956)
	at com.google.gson.Gson.fromJson(Gson.java:905)
	at ai.glog.service.GlogService.getFromGlog(GlogService.java:174)
	at ai.glog.execute.workers.TriageAndRemediationCallableWorker.setGeneralRemediation(TriageAndRemediationCallableWorker.java:208)
	at ai.glog.execute.workers.TriageAndRemediationCallableWorker.call(TriageAndRemediationCallableWorker.java:64)
	at ai.glog.execute.workers.TriageAndRemediationCallableWorker.call(TriageAndRemediationCallableWorker.java:32)
	at java.base/java.util.concurrent.FutureTask.run(FutureTask.java:317)
	at java.base/java.util.concurrent.ThreadPoolExecutor.runWorker(ThreadPoolExecutor.java:1144)
	at java.base/java.util.concurrent.ThreadPoolExecutor$Worker.run(ThreadPoolExecutor.java:642)
	at java.base/java.lang.Thread.run(Thread.java:1623)
Caused by: java.lang.IllegalStateException: Expected BEGIN_ARRAY but was BEGIN_OBJECT at line 1 column 2 path $
	at com.google.gson.stream.JsonReader.beginArray(JsonReader.java:350)
	at com.google.gson.internal.bind.ArrayTypeAdapter.read(ArrayTypeAdapter.java:70)
	at com.google.gson.Gson.fromJson(Gson.java:991)
	... 10 more

Dec 21, 2025 11:27:57 PM ai.glog.service.GlogService getFromGlog
SEVERE: java.lang.IllegalStateException: Expected BEGIN_ARRAY but was BEGIN_OBJECT at line 1 column 2 path $
{"detail":"Invalid token."}
com.google.gson.JsonSyntaxException: java.lang.IllegalStateException: Expected BEGIN_ARRAY but was BEGIN_OBJECT at line 1 column 2 path $
	at com.google.gson.Gson.fromJson(Gson.java:1003)
	at com.google.gson.Gson.fromJson(Gson.java:956)
	at com.google.gson.Gson.fromJson(Gson.java:905)
	at ai.glog.service.GlogService.getFromGlog(GlogService.java:174)
	at ai.glog.execute.workers.TriageAndRemediationCallableWorker.setGeneralRemediation(TriageAndRemediationCallableWorker.java:208)
	at ai.glog.execute.workers.TriageAndRemediationCallableWorker.call(TriageAndRemediationCallableWorker.java:74)
	at ai.glog.execute.workers.TriageAndRemediationCallableWorker.call(TriageAndRemediationCallableWorker.java:32)
	at java.base/java.util.concurrent.FutureTask.run(FutureTask.java:317)
	at java.base/java.util.concurrent.ThreadPoolExecutor.runWorker(ThreadPoolExecutor.java:1144)
	at java.base/java.util.concurrent.ThreadPoolExecutor$Worker.run(ThreadPoolExecutor.java:642)
	at java.base/java.lang.Thread.run(Thread.java:1623)
Caused by: java.lang.IllegalStateException: Expected BEGIN_ARRAY but was BEGIN_OBJECT at line 1 column 2 path $
	at com.google.gson.stream.JsonReader.beginArray(JsonReader.java:350)
	at com.google.gson.internal.bind.ArrayTypeAdapter.read(ArrayTypeAdapter.java:70)
	at com.google.gson.Gson.fromJson(Gson.java:991)
	... 10 more

Dec 21, 2025 11:27:57 PM ai.glog.service.GlogService getFromGlog
SEVERE: java.lang.IllegalStateException: Expected BEGIN_ARRAY but was BEGIN_OBJECT at line 1 column 2 path $
{"detail":"Invalid token."}
com.google.gson.JsonSyntaxException: java.lang.IllegalStateException: Expected BEGIN_ARRAY but was BEGIN_OBJECT at line 1 column 2 path $
	at com.google.gson.Gson.fromJson(Gson.java:1003)
	at com.google.gson.Gson.fromJson(Gson.java:956)
	at com.google.gson.Gson.fromJson(Gson.java:905)
	at ai.glog.service.GlogService.getFromGlog(GlogService.java:174)
	at ai.glog.execute.workers.TriageAndRemediationCallableWorker.setGeneralRemediation(TriageAndRemediationCallableWorker.java:208)
	at ai.glog.execute.workers.TriageAndRemediationCallableWorker.call(TriageAndRemediationCallableWorker.java:74)
	at ai.glog.execute.workers.TriageAndRemediationCallableWorker.call(TriageAndRemediationCallableWorker.java:32)
	at java.base/java.util.concurrent.FutureTask.run(FutureTask.java:317)
	at java.base/java.util.concurrent.ThreadPoolExecutor.runWorker(ThreadPoolExecutor.java:1144)
	at java.base/java.util.concurrent.ThreadPoolExecutor$Worker.run(ThreadPoolExecutor.java:642)
	at java.base/java.lang.Thread.run(Thread.java:1623)
Caused by: java.lang.IllegalStateException: Expected BEGIN_ARRAY but was BEGIN_OBJECT at line 1 column 2 path $
	at com.google.gson.stream.JsonReader.beginArray(JsonReader.java:350)
	at com.google.gson.internal.bind.ArrayTypeAdapter.read(ArrayTypeAdapter.java:70)
	at com.google.gson.Gson.fromJson(Gson.java:991)
	... 10 more

Dec 21, 2025 11:27:57 PM ai.glog.service.GlogService getFromGlog
SEVERE: java.lang.IllegalStateException: Expected BEGIN_ARRAY but was BEGIN_OBJECT at line 1 column 2 path $
{"detail":"Invalid token."}
com.google.gson.JsonSyntaxException: java.lang.IllegalStateException: Expected BEGIN_ARRAY but was BEGIN_OBJECT at line 1 column 2 path $
	at com.google.gson.Gson.fromJson(Gson.java:1003)
	at com.google.gson.Gson.fromJson(Gson.java:956)
	at com.google.gson.Gson.fromJson(Gson.java:905)
	at ai.glog.service.GlogService.getFromGlog(GlogService.java:174)
	at ai.glog.execute.workers.TriageAndRemediationCallableWorker.setGeneralRemediation(TriageAndRemediationCallableWorker.java:208)
	at ai.glog.execute.workers.TriageAndRemediationCallableWorker.call(TriageAndRemediationCallableWorker.java:64)
	at ai.glog.execute.workers.TriageAndRemediationCallableWorker.call(TriageAndRemediationCallableWorker.java:32)
	at java.base/java.util.concurrent.FutureTask.run(FutureTask.java:317)
	at java.base/java.util.concurrent.ThreadPoolExecutor.runWorker(ThreadPoolExecutor.java:1144)
	at java.base/java.util.concurrent.ThreadPoolExecutor$Worker.run(ThreadPoolExecutor.java:642)
	at java.base/java.lang.Thread.run(Thread.java:1623)
Caused by: java.lang.IllegalStateException: Expected BEGIN_ARRAY but was BEGIN_OBJECT at line 1 column 2 path $
	at com.google.gson.stream.JsonReader.beginArray(JsonReader.java:350)
	at com.google.gson.internal.bind.ArrayTypeAdapter.read(ArrayTypeAdapter.java:70)
	at com.google.gson.Gson.fromJson(Gson.java:991)
	... 10 more

Dec 21, 2025 11:27:57 PM ai.glog.service.GlogService getFromGlog
SEVERE: java.lang.IllegalStateException: Expected BEGIN_ARRAY but was BEGIN_OBJECT at line 1 column 2 path $
{"detail":"Invalid token."}
com.google.gson.JsonSyntaxException: java.lang.IllegalStateException: Expected BEGIN_ARRAY but was BEGIN_OBJECT at line 1 column 2 path $
	at com.google.gson.Gson.fromJson(Gson.java:1003)
	at com.google.gson.Gson.fromJson(Gson.java:956)
	at com.google.gson.Gson.fromJson(Gson.java:905)
	at ai.glog.service.GlogService.getFromGlog(GlogService.java:174)
	at ai.glog.execute.workers.TriageAndRemediationCallableWorker.setGeneralRemediation(TriageAndRemediationCallableWorker.java:208)
	at ai.glog.execute.workers.TriageAndRemediationCallableWorker.call(TriageAndRemediationCallableWorker.java:64)
	at ai.glog.execute.workers.TriageAndRemediationCallableWorker.call(TriageAndRemediationCallableWorker.java:32)
	at java.base/java.util.concurrent.FutureTask.run(FutureTask.java:317)
	at java.base/java.util.concurrent.ThreadPoolExecutor.runWorker(ThreadPoolExecutor.java:1144)
	at java.base/java.util.concurrent.ThreadPoolExecutor$Worker.run(ThreadPoolExecutor.java:642)
	at java.base/java.lang.Thread.run(Thread.java:1623)
Caused by: java.lang.IllegalStateException: Expected BEGIN_ARRAY but was BEGIN_OBJECT at line 1 column 2 path $
	at com.google.gson.stream.JsonReader.beginArray(JsonReader.java:350)
	at com.google.gson.internal.bind.ArrayTypeAdapter.read(ArrayTypeAdapter.java:70)
	at com.google.gson.Gson.fromJson(Gson.java:991)
	... 10 more

Dec 21, 2025 11:27:57 PM ai.glog.service.GlogService getFromGlog
SEVERE: java.lang.IllegalStateException: Expected BEGIN_ARRAY but was BEGIN_OBJECT at line 1 column 2 path $
{"detail":"Invalid token."}
com.google.gson.JsonSyntaxException: java.lang.IllegalStateException: Expected BEGIN_ARRAY but was BEGIN_OBJECT at line 1 column 2 path $
	at com.google.gson.Gson.fromJson(Gson.java:1003)
	at com.google.gson.Gson.fromJson(Gson.java:956)
	at com.google.gson.Gson.fromJson(Gson.java:905)
	at ai.glog.service.GlogService.getFromGlog(GlogService.java:174)
	at ai.glog.execute.workers.TriageAndRemediationCallableWorker.setGeneralRemediation(TriageAndRemediationCallableWorker.java:208)
	at ai.glog.execute.workers.TriageAndRemediationCallableWorker.call(TriageAndRemediationCallableWorker.java:64)
	at ai.glog.execute.workers.TriageAndRemediationCallableWorker.call(TriageAndRemediationCallableWorker.java:32)
	at java.base/java.util.concurrent.FutureTask.run(FutureTask.java:317)
	at java.base/java.util.concurrent.ThreadPoolExecutor.runWorker(ThreadPoolExecutor.java:1144)
	at java.base/java.util.concurrent.ThreadPoolExecutor$Worker.run(ThreadPoolExecutor.java:642)
	at java.base/java.lang.Thread.run(Thread.java:1623)
Caused by: java.lang.IllegalStateException: Expected BEGIN_ARRAY but was BEGIN_OBJECT at line 1 column 2 path $
	at com.google.gson.stream.JsonReader.beginArray(JsonReader.java:350)
	at com.google.gson.internal.bind.ArrayTypeAdapter.read(ArrayTypeAdapter.java:70)
	at com.google.gson.Gson.fromJson(Gson.java:991)
	... 10 more

Dec 21, 2025 11:27:57 PM ai.glog.service.GlogService getFromGlog
SEVERE: java.lang.IllegalStateException: Expected BEGIN_ARRAY but was BEGIN_OBJECT at line 1 column 2 path $
{"detail":"Invalid token."}
com.google.gson.JsonSyntaxException: java.lang.IllegalStateException: Expected BEGIN_ARRAY but was BEGIN_OBJECT at line 1 column 2 path $
	at com.google.gson.Gson.fromJson(Gson.java:1003)
	at com.google.gson.Gson.fromJson(Gson.java:956)
	at com.google.gson.Gson.fromJson(Gson.java:905)
	at ai.glog.service.GlogService.getFromGlog(GlogService.java:174)
	at ai.glog.execute.workers.TriageAndRemediationCallableWorker.setGeneralRemediation(TriageAndRemediationCallableWorker.java:208)
	at ai.glog.execute.workers.TriageAndRemediationCallableWorker.call(TriageAndRemediationCallableWorker.java:74)
	at ai.glog.execute.workers.TriageAndRemediationCallableWorker.call(TriageAndRemediationCallableWorker.java:32)
	at java.base/java.util.concurrent.FutureTask.run(FutureTask.java:317)
	at java.base/java.util.concurrent.ThreadPoolExecutor.runWorker(ThreadPoolExecutor.java:1144)
	at java.base/java.util.concurrent.ThreadPoolExecutor$Worker.run(ThreadPoolExecutor.java:642)
	at java.base/java.lang.Thread.run(Thread.java:1623)
Caused by: java.lang.IllegalStateException: Expected BEGIN_ARRAY but was BEGIN_OBJECT at line 1 column 2 path $
	at com.google.gson.stream.JsonReader.beginArray(JsonReader.java:350)
	at com.google.gson.internal.bind.ArrayTypeAdapter.read(ArrayTypeAdapter.java:70)
	at com.google.gson.Gson.fromJson(Gson.java:991)
	... 10 more

Dec 21, 2025 11:27:58 PM ai.glog.service.GlogService getFromGlog
SEVERE: java.lang.IllegalStateException: Expected BEGIN_ARRAY but was BEGIN_OBJECT at line 1 column 2 path $
{"detail":"Invalid token."}
com.google.gson.JsonSyntaxException: java.lang.IllegalStateException: Expected BEGIN_ARRAY but was BEGIN_OBJECT at line 1 column 2 path $
	at com.google.gson.Gson.fromJson(Gson.java:1003)
	at com.google.gson.Gson.fromJson(Gson.java:956)
	at com.google.gson.Gson.fromJson(Gson.java:905)
	at ai.glog.service.GlogService.getFromGlog(GlogService.java:174)
	at ai.glog.execute.workers.TriageAndRemediationCallableWorker.setGeneralRemediation(TriageAndRemediationCallableWorker.java:208)
	at ai.glog.execute.workers.TriageAndRemediationCallableWorker.call(TriageAndRemediationCallableWorker.java:74)
	at ai.glog.execute.workers.TriageAndRemediationCallableWorker.call(TriageAndRemediationCallableWorker.java:32)
	at java.base/java.util.concurrent.FutureTask.run(FutureTask.java:317)
	at java.base/java.util.concurrent.ThreadPoolExecutor.runWorker(ThreadPoolExecutor.java:1144)
	at java.base/java.util.concurrent.ThreadPoolExecutor$Worker.run(ThreadPoolExecutor.java:642)
	at java.base/java.lang.Thread.run(Thread.java:1623)
Caused by: java.lang.IllegalStateException: Expected BEGIN_ARRAY but was BEGIN_OBJECT at line 1 column 2 path $
	at com.google.gson.stream.JsonReader.beginArray(JsonReader.java:350)
	at com.google.gson.internal.bind.ArrayTypeAdapter.read(ArrayTypeAdapter.java:70)
	at com.google.gson.Gson.fromJson(Gson.java:991)
	... 10 more

Dec 21, 2025 11:27:58 PM ai.glog.service.GlogService getFromGlog
SEVERE: java.lang.IllegalStateException: Expected BEGIN_ARRAY but was BEGIN_OBJECT at line 1 column 2 path $
{"detail":"Invalid token."}
com.google.gson.JsonSyntaxException: java.lang.IllegalStateException: Expected BEGIN_ARRAY but was BEGIN_OBJECT at line 1 column 2 path $
	at com.google.gson.Gson.fromJson(Gson.java:1003)
	at com.google.gson.Gson.fromJson(Gson.java:956)
	at com.google.gson.Gson.fromJson(Gson.java:905)
	at ai.glog.service.GlogService.getFromGlog(GlogService.java:174)
	at ai.glog.execute.workers.TriageAndRemediationCallableWorker.setGeneralRemediation(TriageAndRemediationCallableWorker.java:208)
	at ai.glog.execute.workers.TriageAndRemediationCallableWorker.call(TriageAndRemediationCallableWorker.java:74)
	at ai.glog.execute.workers.TriageAndRemediationCallableWorker.call(TriageAndRemediationCallableWorker.java:32)
	at java.base/java.util.concurrent.FutureTask.run(FutureTask.java:317)
	at java.base/java.util.concurrent.ThreadPoolExecutor.runWorker(ThreadPoolExecutor.java:1144)
	at java.base/java.util.concurrent.ThreadPoolExecutor$Worker.run(ThreadPoolExecutor.java:642)
	at java.base/java.lang.Thread.run(Thread.java:1623)
Caused by: java.lang.IllegalStateException: Expected BEGIN_ARRAY but was BEGIN_OBJECT at line 1 column 2 path $
	at com.google.gson.stream.JsonReader.beginArray(JsonReader.java:350)
	at com.google.gson.internal.bind.ArrayTypeAdapter.read(ArrayTypeAdapter.java:70)
	at com.google.gson.Gson.fromJson(Gson.java:991)
	... 10 more

Dec 21, 2025 11:27:58 PM ai.glog.service.GlogService getFromGlog
SEVERE: java.lang.IllegalStateException: Expected BEGIN_ARRAY but was BEGIN_OBJECT at line 1 column 2 path $
{"detail":"Invalid token."}
com.google.gson.JsonSyntaxException: java.lang.IllegalStateException: Expected BEGIN_ARRAY but was BEGIN_OBJECT at line 1 column 2 path $
	at com.google.gson.Gson.fromJson(Gson.java:1003)
	at com.google.gson.Gson.fromJson(Gson.java:956)
	at com.google.gson.Gson.fromJson(Gson.java:905)
	at ai.glog.service.GlogService.getFromGlog(GlogService.java:174)
	at ai.glog.execute.workers.TriageAndRemediationCallableWorker.setGeneralRemediation(TriageAndRemediationCallableWorker.java:208)
	at ai.glog.execute.workers.TriageAndRemediationCallableWorker.call(TriageAndRemediationCallableWorker.java:74)
	at ai.glog.execute.workers.TriageAndRemediationCallableWorker.call(TriageAndRemediationCallableWorker.java:32)
	at java.base/java.util.concurrent.FutureTask.run(FutureTask.java:317)
	at java.base/java.util.concurrent.ThreadPoolExecutor.runWorker(ThreadPoolExecutor.java:1144)
	at java.base/java.util.concurrent.ThreadPoolExecutor$Worker.run(ThreadPoolExecutor.java:642)
	at java.base/java.lang.Thread.run(Thread.java:1623)
Caused by: java.lang.IllegalStateException: Expected BEGIN_ARRAY but was BEGIN_OBJECT at line 1 column 2 path $
	at com.google.gson.stream.JsonReader.beginArray(JsonReader.java:350)
	at com.google.gson.internal.bind.ArrayTypeAdapter.read(ArrayTypeAdapter.java:70)
	at com.google.gson.Gson.fromJson(Gson.java:991)
	... 10 more

Dec 21, 2025 11:27:58 PM ai.glog.service.GlogService getFromGlog
SEVERE: java.lang.IllegalStateException: Expected BEGIN_ARRAY but was BEGIN_OBJECT at line 1 column 2 path $
{"detail":"Invalid token."}
com.google.gson.JsonSyntaxException: java.lang.IllegalStateException: Expected BEGIN_ARRAY but was BEGIN_OBJECT at line 1 column 2 path $
	at com.google.gson.Gson.fromJson(Gson.java:1003)
	at com.google.gson.Gson.fromJson(Gson.java:956)
	at com.google.gson.Gson.fromJson(Gson.java:905)
	at ai.glog.service.GlogService.getFromGlog(GlogService.java:174)
	at ai.glog.execute.workers.TriageAndRemediationCallableWorker.setGeneralRemediation(TriageAndRemediationCallableWorker.java:208)
	at ai.glog.execute.workers.TriageAndRemediationCallableWorker.call(TriageAndRemediationCallableWorker.java:74)
	at ai.glog.execute.workers.TriageAndRemediationCallableWorker.call(TriageAndRemediationCallableWorker.java:32)
	at java.base/java.util.concurrent.FutureTask.run(FutureTask.java:317)
	at java.base/java.util.concurrent.ThreadPoolExecutor.runWorker(ThreadPoolExecutor.java:1144)
	at java.base/java.util.concurrent.ThreadPoolExecutor$Worker.run(ThreadPoolExecutor.java:642)
	at java.base/java.lang.Thread.run(Thread.java:1623)
Caused by: java.lang.IllegalStateException: Expected BEGIN_ARRAY but was BEGIN_OBJECT at line 1 column 2 path $
	at com.google.gson.stream.JsonReader.beginArray(JsonReader.java:350)
	at com.google.gson.internal.bind.ArrayTypeAdapter.read(ArrayTypeAdapter.java:70)
	at com.google.gson.Gson.fromJson(Gson.java:991)
	... 10 more

Dec 21, 2025 11:27:58 PM ai.glog.service.GlogService getFromGlog
SEVERE: java.lang.IllegalStateException: Expected BEGIN_ARRAY but was BEGIN_OBJECT at line 1 column 2 path $
{"detail":"Invalid token."}
com.google.gson.JsonSyntaxException: java.lang.IllegalStateException: Expected BEGIN_ARRAY but was BEGIN_OBJECT at line 1 column 2 path $
	at com.google.gson.Gson.fromJson(Gson.java:1003)
	at com.google.gson.Gson.fromJson(Gson.java:956)
	at com.google.gson.Gson.fromJson(Gson.java:905)
	at ai.glog.service.GlogService.getFromGlog(GlogService.java:174)
	at ai.glog.execute.workers.TriageAndRemediationCallableWorker.setGeneralRemediation(TriageAndRemediationCallableWorker.java:208)
	at ai.glog.execute.workers.TriageAndRemediationCallableWorker.call(TriageAndRemediationCallableWorker.java:74)
	at ai.glog.execute.workers.TriageAndRemediationCallableWorker.call(TriageAndRemediationCallableWorker.java:32)
	at java.base/java.util.concurrent.FutureTask.run(FutureTask.java:317)
	at java.base/java.util.concurrent.ThreadPoolExecutor.runWorker(ThreadPoolExecutor.java:1144)
	at java.base/java.util.concurrent.ThreadPoolExecutor$Worker.run(ThreadPoolExecutor.java:642)
	at java.base/java.lang.Thread.run(Thread.java:1623)
Caused by: java.lang.IllegalStateException: Expected BEGIN_ARRAY but was BEGIN_OBJECT at line 1 column 2 path $
	at com.google.gson.stream.JsonReader.beginArray(JsonReader.java:350)
	at com.google.gson.internal.bind.ArrayTypeAdapter.read(ArrayTypeAdapter.java:70)
	at com.google.gson.Gson.fromJson(Gson.java:991)
	... 10 more

Dec 21, 2025 11:27:58 PM ai.glog.service.GlogService getFromGlog
SEVERE: java.lang.IllegalStateException: Expected BEGIN_ARRAY but was BEGIN_OBJECT at line 1 column 2 path $
{"detail":"Invalid token."}
com.google.gson.JsonSyntaxException: java.lang.IllegalStateException: Expected BEGIN_ARRAY but was BEGIN_OBJECT at line 1 column 2 path $
	at com.google.gson.Gson.fromJson(Gson.java:1003)
	at com.google.gson.Gson.fromJson(Gson.java:956)
	at com.google.gson.Gson.fromJson(Gson.java:905)
	at ai.glog.service.GlogService.getFromGlog(GlogService.java:174)
	at ai.glog.execute.workers.TriageAndRemediationCallableWorker.setGeneralRemediation(TriageAndRemediationCallableWorker.java:208)
	at ai.glog.execute.workers.TriageAndRemediationCallableWorker.call(TriageAndRemediationCallableWorker.java:74)
	at ai.glog.execute.workers.TriageAndRemediationCallableWorker.call(TriageAndRemediationCallableWorker.java:32)
	at java.base/java.util.concurrent.FutureTask.run(FutureTask.java:317)
	at java.base/java.util.concurrent.ThreadPoolExecutor.runWorker(ThreadPoolExecutor.java:1144)
	at java.base/java.util.concurrent.ThreadPoolExecutor$Worker.run(ThreadPoolExecutor.java:642)
	at java.base/java.lang.Thread.run(Thread.java:1623)
Caused by: java.lang.IllegalStateException: Expected BEGIN_ARRAY but was BEGIN_OBJECT at line 1 column 2 path $
	at com.google.gson.stream.JsonReader.beginArray(JsonReader.java:350)
	at com.google.gson.internal.bind.ArrayTypeAdapter.read(ArrayTypeAdapter.java:70)
	at com.google.gson.Gson.fromJson(Gson.java:991)
	... 10 more

Dec 21, 2025 11:27:58 PM ai.glog.service.GlogService getFromGlog
SEVERE: java.lang.IllegalStateException: Expected BEGIN_ARRAY but was BEGIN_OBJECT at line 1 column 2 path $
{"detail":"Invalid token."}
com.google.gson.JsonSyntaxException: java.lang.IllegalStateException: Expected BEGIN_ARRAY but was BEGIN_OBJECT at line 1 column 2 path $
	at com.google.gson.Gson.fromJson(Gson.java:1003)
	at com.google.gson.Gson.fromJson(Gson.java:956)
	at com.google.gson.Gson.fromJson(Gson.java:905)
	at ai.glog.service.GlogService.getFromGlog(GlogService.java:174)
	at ai.glog.execute.workers.TriageAndRemediationCallableWorker.setGeneralRemediation(TriageAndRemediationCallableWorker.java:208)
	at ai.glog.execute.workers.TriageAndRemediationCallableWorker.call(TriageAndRemediationCallableWorker.java:74)
	at ai.glog.execute.workers.TriageAndRemediationCallableWorker.call(TriageAndRemediationCallableWorker.java:32)
	at java.base/java.util.concurrent.FutureTask.run(FutureTask.java:317)
	at java.base/java.util.concurrent.ThreadPoolExecutor.runWorker(ThreadPoolExecutor.java:1144)
	at java.base/java.util.concurrent.ThreadPoolExecutor$Worker.run(ThreadPoolExecutor.java:642)
	at java.base/java.lang.Thread.run(Thread.java:1623)
Caused by: java.lang.IllegalStateException: Expected BEGIN_ARRAY but was BEGIN_OBJECT at line 1 column 2 path $
	at com.google.gson.stream.JsonReader.beginArray(JsonReader.java:350)
	at com.google.gson.internal.bind.ArrayTypeAdapter.read(ArrayTypeAdapter.java:70)
	at com.google.gson.Gson.fromJson(Gson.java:991)
	... 10 more

Dec 21, 2025 11:27:58 PM ai.glog.service.GlogService getFromGlog
SEVERE: java.lang.IllegalStateException: Expected BEGIN_ARRAY but was BEGIN_OBJECT at line 1 column 2 path $
{"detail":"Invalid token."}
com.google.gson.JsonSyntaxException: java.lang.IllegalStateException: Expected BEGIN_ARRAY but was BEGIN_OBJECT at line 1 column 2 path $
	at com.google.gson.Gson.fromJson(Gson.java:1003)
	at com.google.gson.Gson.fromJson(Gson.java:956)
	at com.google.gson.Gson.fromJson(Gson.java:905)
	at ai.glog.service.GlogService.getFromGlog(GlogService.java:174)
	at ai.glog.execute.workers.TriageAndRemediationCallableWorker.setGeneralRemediation(TriageAndRemediationCallableWorker.java:208)
	at ai.glog.execute.workers.TriageAndRemediationCallableWorker.call(TriageAndRemediationCallableWorker.java:74)
	at ai.glog.execute.workers.TriageAndRemediationCallableWorker.call(TriageAndRemediationCallableWorker.java:32)
	at java.base/java.util.concurrent.FutureTask.run(FutureTask.java:317)
	at java.base/java.util.concurrent.ThreadPoolExecutor.runWorker(ThreadPoolExecutor.java:1144)
	at java.base/java.util.concurrent.ThreadPoolExecutor$Worker.run(ThreadPoolExecutor.java:642)
	at java.base/java.lang.Thread.run(Thread.java:1623)
Caused by: java.lang.IllegalStateException: Expected BEGIN_ARRAY but was BEGIN_OBJECT at line 1 column 2 path $
	at com.google.gson.stream.JsonReader.beginArray(JsonReader.java:350)
	at com.google.gson.internal.bind.ArrayTypeAdapter.read(ArrayTypeAdapter.java:70)
	at com.google.gson.Gson.fromJson(Gson.java:991)
	... 10 more

Dec 21, 2025 11:27:59 PM ai.glog.service.GlogService getFromGlog
SEVERE: java.lang.IllegalStateException: Expected BEGIN_ARRAY but was BEGIN_OBJECT at line 1 column 2 path $
{"detail":"Invalid token."}
com.google.gson.JsonSyntaxException: java.lang.IllegalStateException: Expected BEGIN_ARRAY but was BEGIN_OBJECT at line 1 column 2 path $
	at com.google.gson.Gson.fromJson(Gson.java:1003)
	at com.google.gson.Gson.fromJson(Gson.java:956)
	at com.google.gson.Gson.fromJson(Gson.java:905)
	at ai.glog.service.GlogService.getFromGlog(GlogService.java:174)
	at ai.glog.execute.workers.TriageAndRemediationCallableWorker.setGeneralRemediation(TriageAndRemediationCallableWorker.java:208)
	at ai.glog.execute.workers.TriageAndRemediationCallableWorker.call(TriageAndRemediationCallableWorker.java:74)
	at ai.glog.execute.workers.TriageAndRemediationCallableWorker.call(TriageAndRemediationCallableWorker.java:32)
	at java.base/java.util.concurrent.FutureTask.run(FutureTask.java:317)
	at java.base/java.util.concurrent.ThreadPoolExecutor.runWorker(ThreadPoolExecutor.java:1144)
	at java.base/java.util.concurrent.ThreadPoolExecutor$Worker.run(ThreadPoolExecutor.java:642)
	at java.base/java.lang.Thread.run(Thread.java:1623)
Caused by: java.lang.IllegalStateException: Expected BEGIN_ARRAY but was BEGIN_OBJECT at line 1 column 2 path $
	at com.google.gson.stream.JsonReader.beginArray(JsonReader.java:350)
	at com.google.gson.internal.bind.ArrayTypeAdapter.read(ArrayTypeAdapter.java:70)
	at com.google.gson.Gson.fromJson(Gson.java:991)
	... 10 more

Dec 21, 2025 11:27:59 PM ai.glog.service.GlogService getFromGlog
SEVERE: java.lang.IllegalStateException: Expected BEGIN_ARRAY but was BEGIN_OBJECT at line 1 column 2 path $
{"detail":"Invalid token."}
com.google.gson.JsonSyntaxException: java.lang.IllegalStateException: Expected BEGIN_ARRAY but was BEGIN_OBJECT at line 1 column 2 path $
	at com.google.gson.Gson.fromJson(Gson.java:1003)
	at com.google.gson.Gson.fromJson(Gson.java:956)
	at com.google.gson.Gson.fromJson(Gson.java:905)
	at ai.glog.service.GlogService.getFromGlog(GlogService.java:174)
	at ai.glog.execute.workers.TriageAndRemediationCallableWorker.setGeneralRemediation(TriageAndRemediationCallableWorker.java:208)
	at ai.glog.execute.workers.TriageAndRemediationCallableWorker.call(TriageAndRemediationCallableWorker.java:74)
	at ai.glog.execute.workers.TriageAndRemediationCallableWorker.call(TriageAndRemediationCallableWorker.java:32)
	at java.base/java.util.concurrent.FutureTask.run(FutureTask.java:317)
	at java.base/java.util.concurrent.ThreadPoolExecutor.runWorker(ThreadPoolExecutor.java:1144)
	at java.base/java.util.concurrent.ThreadPoolExecutor$Worker.run(ThreadPoolExecutor.java:642)
	at java.base/java.lang.Thread.run(Thread.java:1623)
Caused by: java.lang.IllegalStateException: Expected BEGIN_ARRAY but was BEGIN_OBJECT at line 1 column 2 path $
	at com.google.gson.stream.JsonReader.beginArray(JsonReader.java:350)
	at com.google.gson.internal.bind.ArrayTypeAdapter.read(ArrayTypeAdapter.java:70)
	at com.google.gson.Gson.fromJson(Gson.java:991)
	... 10 more

Dec 21, 2025 11:27:59 PM ai.glog.service.GlogService getFromGlog
SEVERE: java.lang.IllegalStateException: Expected BEGIN_ARRAY but was BEGIN_OBJECT at line 1 column 2 path $
{"detail":"Invalid token."}
com.google.gson.JsonSyntaxException: java.lang.IllegalStateException: Expected BEGIN_ARRAY but was BEGIN_OBJECT at line 1 column 2 path $
	at com.google.gson.Gson.fromJson(Gson.java:1003)
	at com.google.gson.Gson.fromJson(Gson.java:956)
	at com.google.gson.Gson.fromJson(Gson.java:905)
	at ai.glog.service.GlogService.getFromGlog(GlogService.java:174)
	at ai.glog.execute.workers.TriageAndRemediationCallableWorker.setGeneralRemediation(TriageAndRemediationCallableWorker.java:208)
	at ai.glog.execute.workers.TriageAndRemediationCallableWorker.call(TriageAndRemediationCallableWorker.java:74)
	at ai.glog.execute.workers.TriageAndRemediationCallableWorker.call(TriageAndRemediationCallableWorker.java:32)
	at java.base/java.util.concurrent.FutureTask.run(FutureTask.java:317)
	at java.base/java.util.concurrent.ThreadPoolExecutor.runWorker(ThreadPoolExecutor.java:1144)
	at java.base/java.util.concurrent.ThreadPoolExecutor$Worker.run(ThreadPoolExecutor.java:642)
	at java.base/java.lang.Thread.run(Thread.java:1623)
Caused by: java.lang.IllegalStateException: Expected BEGIN_ARRAY but was BEGIN_OBJECT at line 1 column 2 path $
	at com.google.gson.stream.JsonReader.beginArray(JsonReader.java:350)
	at com.google.gson.internal.bind.ArrayTypeAdapter.read(ArrayTypeAdapter.java:70)
	at com.google.gson.Gson.fromJson(Gson.java:991)
	... 10 more

Dec 21, 2025 11:27:59 PM ai.glog.service.GlogService getFromGlog
SEVERE: java.lang.IllegalStateException: Expected BEGIN_ARRAY but was BEGIN_OBJECT at line 1 column 2 path $
{"detail":"Invalid token."}
com.google.gson.JsonSyntaxException: java.lang.IllegalStateException: Expected BEGIN_ARRAY but was BEGIN_OBJECT at line 1 column 2 path $
	at com.google.gson.Gson.fromJson(Gson.java:1003)
	at com.google.gson.Gson.fromJson(Gson.java:956)
	at com.google.gson.Gson.fromJson(Gson.java:905)
	at ai.glog.service.GlogService.getFromGlog(GlogService.java:174)
	at ai.glog.execute.workers.TriageAndRemediationCallableWorker.setGeneralRemediation(TriageAndRemediationCallableWorker.java:208)
	at ai.glog.execute.workers.TriageAndRemediationCallableWorker.call(TriageAndRemediationCallableWorker.java:74)
	at ai.glog.execute.workers.TriageAndRemediationCallableWorker.call(TriageAndRemediationCallableWorker.java:32)
	at java.base/java.util.concurrent.FutureTask.run(FutureTask.java:317)
	at java.base/java.util.concurrent.ThreadPoolExecutor.runWorker(ThreadPoolExecutor.java:1144)
	at java.base/java.util.concurrent.ThreadPoolExecutor$Worker.run(ThreadPoolExecutor.java:642)
	at java.base/java.lang.Thread.run(Thread.java:1623)
Caused by: java.lang.IllegalStateException: Expected BEGIN_ARRAY but was BEGIN_OBJECT at line 1 column 2 path $
	at com.google.gson.stream.JsonReader.beginArray(JsonReader.java:350)
	at com.google.gson.internal.bind.ArrayTypeAdapter.read(ArrayTypeAdapter.java:70)
	at com.google.gson.Gson.fromJson(Gson.java:991)
	... 10 more

Dec 21, 2025 11:27:59 PM ai.glog.service.GlogService getFromGlog
SEVERE: java.lang.IllegalStateException: Expected BEGIN_ARRAY but was BEGIN_OBJECT at line 1 column 2 path $
{"detail":"Invalid token."}
com.google.gson.JsonSyntaxException: java.lang.IllegalStateException: Expected BEGIN_ARRAY but was BEGIN_OBJECT at line 1 column 2 path $
	at com.google.gson.Gson.fromJson(Gson.java:1003)
	at com.google.gson.Gson.fromJson(Gson.java:956)
	at com.google.gson.Gson.fromJson(Gson.java:905)
	at ai.glog.service.GlogService.getFromGlog(GlogService.java:174)
	at ai.glog.execute.workers.TriageAndRemediationCallableWorker.setGeneralRemediation(TriageAndRemediationCallableWorker.java:208)
	at ai.glog.execute.workers.TriageAndRemediationCallableWorker.call(TriageAndRemediationCallableWorker.java:74)
	at ai.glog.execute.workers.TriageAndRemediationCallableWorker.call(TriageAndRemediationCallableWorker.java:32)
	at java.base/java.util.concurrent.FutureTask.run(FutureTask.java:317)
	at java.base/java.util.concurrent.ThreadPoolExecutor.runWorker(ThreadPoolExecutor.java:1144)
	at java.base/java.util.concurrent.ThreadPoolExecutor$Worker.run(ThreadPoolExecutor.java:642)
	at java.base/java.lang.Thread.run(Thread.java:1623)
Caused by: java.lang.IllegalStateException: Expected BEGIN_ARRAY but was BEGIN_OBJECT at line 1 column 2 path $
	at com.google.gson.stream.JsonReader.beginArray(JsonReader.java:350)
	at com.google.gson.internal.bind.ArrayTypeAdapter.read(ArrayTypeAdapter.java:70)
	at com.google.gson.Gson.fromJson(Gson.java:991)
	... 10 more

Dec 21, 2025 11:27:59 PM ai.glog.service.GlogService getFromGlog
SEVERE: java.lang.IllegalStateException: Expected BEGIN_ARRAY but was BEGIN_OBJECT at line 1 column 2 path $
{"detail":"Invalid token."}
com.google.gson.JsonSyntaxException: java.lang.IllegalStateException: Expected BEGIN_ARRAY but was BEGIN_OBJECT at line 1 column 2 path $
	at com.google.gson.Gson.fromJson(Gson.java:1003)
	at com.google.gson.Gson.fromJson(Gson.java:956)
	at com.google.gson.Gson.fromJson(Gson.java:905)
	at ai.glog.service.GlogService.getFromGlog(GlogService.java:174)
	at ai.glog.execute.workers.TriageAndRemediationCallableWorker.setGeneralRemediation(TriageAndRemediationCallableWorker.java:208)
	at ai.glog.execute.workers.TriageAndRemediationCallableWorker.call(TriageAndRemediationCallableWorker.java:74)
	at ai.glog.execute.workers.TriageAndRemediationCallableWorker.call(TriageAndRemediationCallableWorker.java:32)
	at java.base/java.util.concurrent.FutureTask.run(FutureTask.java:317)
	at java.base/java.util.concurrent.ThreadPoolExecutor.runWorker(ThreadPoolExecutor.java:1144)
	at java.base/java.util.concurrent.ThreadPoolExecutor$Worker.run(ThreadPoolExecutor.java:642)
	at java.base/java.lang.Thread.run(Thread.java:1623)
Caused by: java.lang.IllegalStateException: Expected BEGIN_ARRAY but was BEGIN_OBJECT at line 1 column 2 path $
	at com.google.gson.stream.JsonReader.beginArray(JsonReader.java:350)
	at com.google.gson.internal.bind.ArrayTypeAdapter.read(ArrayTypeAdapter.java:70)
	at com.google.gson.Gson.fromJson(Gson.java:991)
	... 10 more

Dec 21, 2025 11:27:59 PM ai.glog.service.GlogService getFromGlog
SEVERE: java.lang.IllegalStateException: Expected BEGIN_ARRAY but was BEGIN_OBJECT at line 1 column 2 path $
{"detail":"Invalid token."}
com.google.gson.JsonSyntaxException: java.lang.IllegalStateException: Expected BEGIN_ARRAY but was BEGIN_OBJECT at line 1 column 2 path $
	at com.google.gson.Gson.fromJson(Gson.java:1003)
	at com.google.gson.Gson.fromJson(Gson.java:956)
	at com.google.gson.Gson.fromJson(Gson.java:905)
	at ai.glog.service.GlogService.getFromGlog(GlogService.java:174)
	at ai.glog.execute.workers.TriageAndRemediationCallableWorker.setGeneralRemediation(TriageAndRemediationCallableWorker.java:208)
	at ai.glog.execute.workers.TriageAndRemediationCallableWorker.call(TriageAndRemediationCallableWorker.java:74)
	at ai.glog.execute.workers.TriageAndRemediationCallableWorker.call(TriageAndRemediationCallableWorker.java:32)
	at java.base/java.util.concurrent.FutureTask.run(FutureTask.java:317)
	at java.base/java.util.concurrent.ThreadPoolExecutor.runWorker(ThreadPoolExecutor.java:1144)
	at java.base/java.util.concurrent.ThreadPoolExecutor$Worker.run(ThreadPoolExecutor.java:642)
	at java.base/java.lang.Thread.run(Thread.java:1623)
Caused by: java.lang.IllegalStateException: Expected BEGIN_ARRAY but was BEGIN_OBJECT at line 1 column 2 path $
	at com.google.gson.stream.JsonReader.beginArray(JsonReader.java:350)
	at com.google.gson.internal.bind.ArrayTypeAdapter.read(ArrayTypeAdapter.java:70)
	at com.google.gson.Gson.fromJson(Gson.java:991)
	... 10 more

Dec 21, 2025 11:27:59 PM ai.glog.service.GlogService getFromGlog
SEVERE: java.lang.IllegalStateException: Expected BEGIN_ARRAY but was BEGIN_OBJECT at line 1 column 2 path $
{"detail":"Invalid token."}
com.google.gson.JsonSyntaxException: java.lang.IllegalStateException: Expected BEGIN_ARRAY but was BEGIN_OBJECT at line 1 column 2 path $
	at com.google.gson.Gson.fromJson(Gson.java:1003)
	at com.google.gson.Gson.fromJson(Gson.java:956)
	at com.google.gson.Gson.fromJson(Gson.java:905)
	at ai.glog.service.GlogService.getFromGlog(GlogService.java:174)
	at ai.glog.execute.workers.TriageAndRemediationCallableWorker.setGeneralRemediation(TriageAndRemediationCallableWorker.java:208)
	at ai.glog.execute.workers.TriageAndRemediationCallableWorker.call(TriageAndRemediationCallableWorker.java:74)
	at ai.glog.execute.workers.TriageAndRemediationCallableWorker.call(TriageAndRemediationCallableWorker.java:32)
	at java.base/java.util.concurrent.FutureTask.run(FutureTask.java:317)
	at java.base/java.util.concurrent.ThreadPoolExecutor.runWorker(ThreadPoolExecutor.java:1144)
	at java.base/java.util.concurrent.ThreadPoolExecutor$Worker.run(ThreadPoolExecutor.java:642)
	at java.base/java.lang.Thread.run(Thread.java:1623)
Caused by: java.lang.IllegalStateException: Expected BEGIN_ARRAY but was BEGIN_OBJECT at line 1 column 2 path $
	at com.google.gson.stream.JsonReader.beginArray(JsonReader.java:350)
	at com.google.gson.internal.bind.ArrayTypeAdapter.read(ArrayTypeAdapter.java:70)
	at com.google.gson.Gson.fromJson(Gson.java:991)
	... 10 more

Dec 21, 2025 11:28:00 PM ai.glog.service.GlogService getFromGlog
SEVERE: java.lang.IllegalStateException: Expected BEGIN_ARRAY but was BEGIN_OBJECT at line 1 column 2 path $
{"detail":"Invalid token."}
com.google.gson.JsonSyntaxException: java.lang.IllegalStateException: Expected BEGIN_ARRAY but was BEGIN_OBJECT at line 1 column 2 path $
	at com.google.gson.Gson.fromJson(Gson.java:1003)
	at com.google.gson.Gson.fromJson(Gson.java:956)
	at com.google.gson.Gson.fromJson(Gson.java:905)
	at ai.glog.service.GlogService.getFromGlog(GlogService.java:174)
	at ai.glog.execute.workers.TriageAndRemediationCallableWorker.setGeneralRemediation(TriageAndRemediationCallableWorker.java:208)
	at ai.glog.execute.workers.TriageAndRemediationCallableWorker.call(TriageAndRemediationCallableWorker.java:74)
	at ai.glog.execute.workers.TriageAndRemediationCallableWorker.call(TriageAndRemediationCallableWorker.java:32)
	at java.base/java.util.concurrent.FutureTask.run(FutureTask.java:317)
	at java.base/java.util.concurrent.ThreadPoolExecutor.runWorker(ThreadPoolExecutor.java:1144)
	at java.base/java.util.concurrent.ThreadPoolExecutor$Worker.run(ThreadPoolExecutor.java:642)
	at java.base/java.lang.Thread.run(Thread.java:1623)
Caused by: java.lang.IllegalStateException: Expected BEGIN_ARRAY but was BEGIN_OBJECT at line 1 column 2 path $
	at com.google.gson.stream.JsonReader.beginArray(JsonReader.java:350)
	at com.google.gson.internal.bind.ArrayTypeAdapter.read(ArrayTypeAdapter.java:70)
	at com.google.gson.Gson.fromJson(Gson.java:991)
	... 10 more

Dec 21, 2025 11:28:00 PM ai.glog.service.GlogService getFromGlog
SEVERE: java.lang.IllegalStateException: Expected BEGIN_ARRAY but was BEGIN_OBJECT at line 1 column 2 path $
{"detail":"Invalid token."}
com.google.gson.JsonSyntaxException: java.lang.IllegalStateException: Expected BEGIN_ARRAY but was BEGIN_OBJECT at line 1 column 2 path $
	at com.google.gson.Gson.fromJson(Gson.java:1003)
	at com.google.gson.Gson.fromJson(Gson.java:956)
	at com.google.gson.Gson.fromJson(Gson.java:905)
	at ai.glog.service.GlogService.getFromGlog(GlogService.java:174)
	at ai.glog.execute.workers.TriageAndRemediationCallableWorker.setGeneralRemediation(TriageAndRemediationCallableWorker.java:208)
	at ai.glog.execute.workers.TriageAndRemediationCallableWorker.call(TriageAndRemediationCallableWorker.java:74)
	at ai.glog.execute.workers.TriageAndRemediationCallableWorker.call(TriageAndRemediationCallableWorker.java:32)
	at java.base/java.util.concurrent.FutureTask.run(FutureTask.java:317)
	at java.base/java.util.concurrent.ThreadPoolExecutor.runWorker(ThreadPoolExecutor.java:1144)
	at java.base/java.util.concurrent.ThreadPoolExecutor$Worker.run(ThreadPoolExecutor.java:642)
	at java.base/java.lang.Thread.run(Thread.java:1623)
Caused by: java.lang.IllegalStateException: Expected BEGIN_ARRAY but was BEGIN_OBJECT at line 1 column 2 path $
	at com.google.gson.stream.JsonReader.beginArray(JsonReader.java:350)
	at com.google.gson.internal.bind.ArrayTypeAdapter.read(ArrayTypeAdapter.java:70)
	at com.google.gson.Gson.fromJson(Gson.java:991)
	... 10 more

Dec 21, 2025 11:28:00 PM ai.glog.service.GlogService getFromGlog
SEVERE: java.lang.IllegalStateException: Expected BEGIN_ARRAY but was BEGIN_OBJECT at line 1 column 2 path $
{"detail":"Invalid token."}
com.google.gson.JsonSyntaxException: java.lang.IllegalStateException: Expected BEGIN_ARRAY but was BEGIN_OBJECT at line 1 column 2 path $
	at com.google.gson.Gson.fromJson(Gson.java:1003)
	at com.google.gson.Gson.fromJson(Gson.java:956)
	at com.google.gson.Gson.fromJson(Gson.java:905)
	at ai.glog.service.GlogService.getFromGlog(GlogService.java:174)
	at ai.glog.execute.workers.TriageAndRemediationCallableWorker.setGeneralRemediation(TriageAndRemediationCallableWorker.java:208)
	at ai.glog.execute.workers.TriageAndRemediationCallableWorker.call(TriageAndRemediationCallableWorker.java:74)
	at ai.glog.execute.workers.TriageAndRemediationCallableWorker.call(TriageAndRemediationCallableWorker.java:32)
	at java.base/java.util.concurrent.FutureTask.run(FutureTask.java:317)
	at java.base/java.util.concurrent.ThreadPoolExecutor.runWorker(ThreadPoolExecutor.java:1144)
	at java.base/java.util.concurrent.ThreadPoolExecutor$Worker.run(ThreadPoolExecutor.java:642)
	at java.base/java.lang.Thread.run(Thread.java:1623)
Caused by: java.lang.IllegalStateException: Expected BEGIN_ARRAY but was BEGIN_OBJECT at line 1 column 2 path $
	at com.google.gson.stream.JsonReader.beginArray(JsonReader.java:350)
	at com.google.gson.internal.bind.ArrayTypeAdapter.read(ArrayTypeAdapter.java:70)
	at com.google.gson.Gson.fromJson(Gson.java:991)
	... 10 more

Dec 21, 2025 11:28:00 PM ai.glog.service.GlogService getFromGlog
SEVERE: java.lang.IllegalStateException: Expected BEGIN_ARRAY but was BEGIN_OBJECT at line 1 column 2 path $
{"detail":"Invalid token."}
com.google.gson.JsonSyntaxException: java.lang.IllegalStateException: Expected BEGIN_ARRAY but was BEGIN_OBJECT at line 1 column 2 path $
	at com.google.gson.Gson.fromJson(Gson.java:1003)
	at com.google.gson.Gson.fromJson(Gson.java:956)
	at com.google.gson.Gson.fromJson(Gson.java:905)
	at ai.glog.service.GlogService.getFromGlog(GlogService.java:174)
	at ai.glog.execute.workers.TriageAndRemediationCallableWorker.setGeneralRemediation(TriageAndRemediationCallableWorker.java:208)
	at ai.glog.execute.workers.TriageAndRemediationCallableWorker.call(TriageAndRemediationCallableWorker.java:74)
	at ai.glog.execute.workers.TriageAndRemediationCallableWorker.call(TriageAndRemediationCallableWorker.java:32)
	at java.base/java.util.concurrent.FutureTask.run(FutureTask.java:317)
	at java.base/java.util.concurrent.ThreadPoolExecutor.runWorker(ThreadPoolExecutor.java:1144)
	at java.base/java.util.concurrent.ThreadPoolExecutor$Worker.run(ThreadPoolExecutor.java:642)
	at java.base/java.lang.Thread.run(Thread.java:1623)
Caused by: java.lang.IllegalStateException: Expected BEGIN_ARRAY but was BEGIN_OBJECT at line 1 column 2 path $
	at com.google.gson.stream.JsonReader.beginArray(JsonReader.java:350)
	at com.google.gson.internal.bind.ArrayTypeAdapter.read(ArrayTypeAdapter.java:70)
	at com.google.gson.Gson.fromJson(Gson.java:991)
	... 10 more

Dec 21, 2025 11:28:00 PM ai.glog.service.GlogService getFromGlog
SEVERE: java.lang.IllegalStateException: Expected BEGIN_ARRAY but was BEGIN_OBJECT at line 1 column 2 path $
{"detail":"Invalid token."}
com.google.gson.JsonSyntaxException: java.lang.IllegalStateException: Expected BEGIN_ARRAY but was BEGIN_OBJECT at line 1 column 2 path $
	at com.google.gson.Gson.fromJson(Gson.java:1003)
	at com.google.gson.Gson.fromJson(Gson.java:956)
	at com.google.gson.Gson.fromJson(Gson.java:905)
	at ai.glog.service.GlogService.getFromGlog(GlogService.java:174)
	at ai.glog.execute.workers.TriageAndRemediationCallableWorker.setGeneralRemediation(TriageAndRemediationCallableWorker.java:208)
	at ai.glog.execute.workers.TriageAndRemediationCallableWorker.call(TriageAndRemediationCallableWorker.java:74)
	at ai.glog.execute.workers.TriageAndRemediationCallableWorker.call(TriageAndRemediationCallableWorker.java:32)
	at java.base/java.util.concurrent.FutureTask.run(FutureTask.java:317)
	at java.base/java.util.concurrent.ThreadPoolExecutor.runWorker(ThreadPoolExecutor.java:1144)
	at java.base/java.util.concurrent.ThreadPoolExecutor$Worker.run(ThreadPoolExecutor.java:642)
	at java.base/java.lang.Thread.run(Thread.java:1623)
Caused by: java.lang.IllegalStateException: Expected BEGIN_ARRAY but was BEGIN_OBJECT at line 1 column 2 path $
	at com.google.gson.stream.JsonReader.beginArray(JsonReader.java:350)
	at com.google.gson.internal.bind.ArrayTypeAdapter.read(ArrayTypeAdapter.java:70)
	at com.google.gson.Gson.fromJson(Gson.java:991)
	... 10 more

Dec 21, 2025 11:28:00 PM ai.glog.service.GlogService getFromGlog
SEVERE: java.lang.IllegalStateException: Expected BEGIN_ARRAY but was BEGIN_OBJECT at line 1 column 2 path $
{"detail":"Invalid token."}
com.google.gson.JsonSyntaxException: java.lang.IllegalStateException: Expected BEGIN_ARRAY but was BEGIN_OBJECT at line 1 column 2 path $
	at com.google.gson.Gson.fromJson(Gson.java:1003)
	at com.google.gson.Gson.fromJson(Gson.java:956)
	at com.google.gson.Gson.fromJson(Gson.java:905)
	at ai.glog.service.GlogService.getFromGlog(GlogService.java:174)
	at ai.glog.execute.workers.TriageAndRemediationCallableWorker.setGeneralRemediation(TriageAndRemediationCallableWorker.java:208)
	at ai.glog.execute.workers.TriageAndRemediationCallableWorker.call(TriageAndRemediationCallableWorker.java:74)
	at ai.glog.execute.workers.TriageAndRemediationCallableWorker.call(TriageAndRemediationCallableWorker.java:32)
	at java.base/java.util.concurrent.FutureTask.run(FutureTask.java:317)
	at java.base/java.util.concurrent.ThreadPoolExecutor.runWorker(ThreadPoolExecutor.java:1144)
	at java.base/java.util.concurrent.ThreadPoolExecutor$Worker.run(ThreadPoolExecutor.java:642)
	at java.base/java.lang.Thread.run(Thread.java:1623)
Caused by: java.lang.IllegalStateException: Expected BEGIN_ARRAY but was BEGIN_OBJECT at line 1 column 2 path $
	at com.google.gson.stream.JsonReader.beginArray(JsonReader.java:350)
	at com.google.gson.internal.bind.ArrayTypeAdapter.read(ArrayTypeAdapter.java:70)
	at com.google.gson.Gson.fromJson(Gson.java:991)
	... 10 more

Dec 21, 2025 11:28:00 PM ai.glog.service.GlogService getFromGlog
SEVERE: java.lang.IllegalStateException: Expected BEGIN_ARRAY but was BEGIN_OBJECT at line 1 column 2 path $
{"detail":"Invalid token."}
com.google.gson.JsonSyntaxException: java.lang.IllegalStateException: Expected BEGIN_ARRAY but was BEGIN_OBJECT at line 1 column 2 path $
	at com.google.gson.Gson.fromJson(Gson.java:1003)
	at com.google.gson.Gson.fromJson(Gson.java:956)
	at com.google.gson.Gson.fromJson(Gson.java:905)
	at ai.glog.service.GlogService.getFromGlog(GlogService.java:174)
	at ai.glog.execute.workers.TriageAndRemediationCallableWorker.setGeneralRemediation(TriageAndRemediationCallableWorker.java:208)
	at ai.glog.execute.workers.TriageAndRemediationCallableWorker.call(TriageAndRemediationCallableWorker.java:74)
	at ai.glog.execute.workers.TriageAndRemediationCallableWorker.call(TriageAndRemediationCallableWorker.java:32)
	at java.base/java.util.concurrent.FutureTask.run(FutureTask.java:317)
	at java.base/java.util.concurrent.ThreadPoolExecutor.runWorker(ThreadPoolExecutor.java:1144)
	at java.base/java.util.concurrent.ThreadPoolExecutor$Worker.run(ThreadPoolExecutor.java:642)
	at java.base/java.lang.Thread.run(Thread.java:1623)
Caused by: java.lang.IllegalStateException: Expected BEGIN_ARRAY but was BEGIN_OBJECT at line 1 column 2 path $
	at com.google.gson.stream.JsonReader.beginArray(JsonReader.java:350)
	at com.google.gson.internal.bind.ArrayTypeAdapter.read(ArrayTypeAdapter.java:70)
	at com.google.gson.Gson.fromJson(Gson.java:991)
	... 10 more

